entity_type,entity,sentiment,city,thread_datetime,thread_url,thread_title,snippet
doctor,週二的韓院長,recommended,台北,2026-02-09T16:11:00,https://www.pttweb.cc/bbs/facelift/M.1770624717.A.BE9,[問題] 拜託救救我的淚溝,", 14 F 推薦台北韓娜斯週二的韓院長淚溝打 02/11 15:24 , 14 F → wendy0602129 02/11 15:24,"
clinic,眼袋醫美,recommended,,2025-12-05T14:46:00,https://www.pttweb.cc/bbs/facelift/M.1764917191.A.65B,[問題] 雙北非手術，眼袋醫美推薦,[問題] 雙北非手術，眼袋醫美推薦 - 看板facelift - PTT網頁版
clinic,眼袋醫美,recommended,,2025-12-05T14:46:00,https://www.pttweb.cc/bbs/facelift/M.1764917191.A.65B,[問題] 雙北非手術，眼袋醫美推薦,"[問題] 雙北非手術，眼袋醫美推薦 ＋收藏 分享 看板 facelift 作者 yakabx7482 (殘天地) 時間 3月前 發表 (2025/12/05 14:46) , 編輯 推噓 13 ( 13 推 0 噓 6 → ) 留言 19則, 13人 參與 , 3月前 最新 討論串 1/1"
clinic,有推薦雙北地區非手術處理眼袋跟淚溝厲害的診所,recommended,,2025-12-05T14:46:00,https://www.pttweb.cc/bbs/facelift/M.1764917191.A.65B,[問題] 雙北非手術，眼袋醫美推薦,想問各位有沒有推薦雙北地區非手術處理眼袋跟淚溝厲害的診所 雖然眼袋不深但淚溝凹陷蠻嚴重的 看起來好老(;′Д`)
clinic,新北優質診所,recommended,新北,2025-12-02T11:36:00,https://www.pttweb.cc/bbs/facelift/M.1764646570.A.83C,[討論] 黑眼圈求助 請推新北優質診所,[討論] 黑眼圈求助 請推新北優質診所 - 看板facelift - PTT網頁版
clinic,新北優質診所,recommended,新北,2025-12-02T11:36:00,https://www.pttweb.cc/bbs/facelift/M.1764646570.A.83C,[討論] 黑眼圈求助 請推新北優質診所,"[討論] 黑眼圈求助 請推新北優質診所 ＋收藏 分享 看板 facelift 作者 rosiatfuy9 (蘿思芙) 時間 3月前 發表 (2025/12/02 11:36) , 編輯 推噓 10 ( 10 推 0 噓 1 → ) 留言 11則, 11人 參與 , 3月前 最新 討論串 1/1"
clinic,問台北醫美,recommended,台北,2025-10-31T14:29:00,https://www.pttweb.cc/bbs/facelift/M.1761892140.A.79B,[問題] 黑眼圈與淚溝治療推薦 問台北醫美,[問題] 黑眼圈與淚溝治療推薦 問台北醫美 - 看板facelift - PTT網頁版
clinic,問台北醫美,recommended,台北,2025-10-31T14:29:00,https://www.pttweb.cc/bbs/facelift/M.1761892140.A.79B,[問題] 黑眼圈與淚溝治療推薦 問台北醫美,"[問題] 黑眼圈與淚溝治療推薦 問台北醫美 ＋收藏 分享 看板 facelift 作者 qi71nbpcvy (虎虎小姐) 時間 5月前 發表 (2025/10/31 14:29) , 編輯 推噓 13 ( 13 推 0 噓 5 → ) 留言 18則, 13人 參與 , 4月前 最新 討論串 1/1"
doctor,美感好的醫師,recommended,台北,2025-10-31T14:29:00,https://www.pttweb.cc/bbs/facelift/M.1761892140.A.79B,[問題] 黑眼圈與淚溝治療推薦 問台北醫美,黑眼圈看起來永遠像沒睡飽 (朋友說也可能是淚溝問題) 總之拍照好醜 想問台北有沒有推薦的診所可以處理黑眼圈或淚溝 (不要狂推銷的) 希望是美感好的醫師 跪求推薦感恩
clinic,想問台北有沒有推薦的診所,recommended,台北,2025-10-31T14:29:00,https://www.pttweb.cc/bbs/facelift/M.1761892140.A.79B,[問題] 黑眼圈與淚溝治療推薦 問台北醫美,黑眼圈看起來永遠像沒睡飽 (朋友說也可能是淚溝問題) 總之拍照好醜 想問台北有沒有推薦的診所可以處理黑眼圈或淚溝 (不要狂推銷的) 希望是美感好的醫師 跪求推薦感恩
doctor,皮手術的醫生,unknown,台北,2025-10-15T12:07:00,https://www.pttweb.cc/bbs/facelift/M.1760501256.A.575,[問題] 台北眼袋&雙眼皮手術的醫生建議?,[問題] 台北眼袋&雙眼皮手術的醫生建議? - 看板facelift - PTT網頁版
doctor,皮手術的醫生,recommended,台北,2025-10-15T12:07:00,https://www.pttweb.cc/bbs/facelift/M.1760501256.A.575,[問題] 台北眼袋&雙眼皮手術的醫生建議?,"[問題] 台北眼袋&雙眼皮手術的醫生建議? ＋收藏 分享 看板 facelift 作者 yi42zwwxcn (塗明哥) 時間 5月前 發表 (2025/10/15 12:07) , 編輯 推噓 8 ( 8 推 0 噓 0 → ) 留言 8則, 8人 參與 , 5月前 最新 討論串 1/1"
clinic,台北除眼袋有沒有推薦台生以外的診所,recommended,台北,2025-10-02T15:26:00,https://www.pttweb.cc/bbs/facelift/M.1759389991.A.54B,[問題] 台北除眼袋有沒有推薦台生以外的診所?,[問題] 台北除眼袋有沒有推薦台生以外的診所? - 看板facelift - PTT網頁版
clinic,台北除眼袋有沒有推薦台生以外的診所,recommended,台北,2025-10-02T15:26:00,https://www.pttweb.cc/bbs/facelift/M.1759389991.A.54B,[問題] 台北除眼袋有沒有推薦台生以外的診所?,"[問題] 台北除眼袋有沒有推薦台生以外的診所? ＋收藏 分享 看板 facelift 作者 pinnnm94 (想把人生倒轉過) 時間 5月前 發表 (2025/10/02 15:26) , 編輯 推噓 2 ( 2 推 0 噓 5 → ) 留言 7則, 2人 參與 , 5月前 最新 討論串 1/1"
clinic,想找做眼袋的診所,recommended,,2025-10-02T15:26:00,https://www.pttweb.cc/bbs/facelift/M.1759389991.A.54B,[問題] 台北除眼袋有沒有推薦台生以外的診所?,想找做眼袋的診所 除了基本的傷口小、不容易凹陷...等之外 也希望諮詢不要太有壓力、不會一直推套餐 目前偏好內開+自體脂肪調整
clinic,滿多人都推薦台生診所,recommended,台北,2025-10-02T15:26:00,https://www.pttweb.cc/bbs/facelift/M.1759389991.A.54B,[問題] 台北除眼袋有沒有推薦台生以外的診所?,滿多人都推薦台生診所 看案例也確實不錯 但因為...先PASS 想問台北還有沒有其他除眼袋做得自然又穩的診所嗎?
clinic,想問台北還有沒有其他除眼袋做得自然又穩的診所,recommended,台北,2025-10-02T15:26:00,https://www.pttweb.cc/bbs/facelift/M.1759389991.A.54B,[問題] 台北除眼袋有沒有推薦台生以外的診所?,滿多人都推薦台生診所 看案例也確實不錯 但因為...先PASS 想問台北還有沒有其他除眼袋做得自然又穩的診所嗎?
doctor,找蔡宗岳醫師,unknown,,2025-10-02T15:26:00,https://www.pttweb.cc/bbs/facelift/M.1759389991.A.54B,[問題] 台北除眼袋有沒有推薦台生以外的診所?,", 1 F 建議找蔡宗岳醫師，內開還是外開要看你 10/04 23:24 , 1 F → yuni904 10/04 23:24,"
doctor,手術權威醫生,unknown,台北,2025-08-01T15:28:00,https://www.pttweb.cc/bbs/facelift/M.1754033321.A.E16,[問題] 台北眼袋手術權威醫生,[問題] 台北眼袋手術權威醫生 - 看板facelift - PTT網頁版
doctor,手術權威醫生,recommended,台北,2025-08-01T15:28:00,https://www.pttweb.cc/bbs/facelift/M.1754033321.A.E16,[問題] 台北眼袋手術權威醫生,"[問題] 台北眼袋手術權威醫生 ＋收藏 分享 看板 facelift 作者 taofayynntu5 (艾雅法拉) 時間 8月前 發表 (2025/08/01 15:28) , 編輯 推噓 16 ( 16 推 0 噓 7 → ) 留言 23則, 16人 參與 , 7月前 最新 討論串 1/1"
doctor,院或權威醫生,recommended,台北,2025-08-01T15:28:00,https://www.pttweb.cc/bbs/facelift/M.1754033321.A.E16,[問題] 台北眼袋手術權威醫生,想做眼袋手術 台北有推薦醫院或權威醫生嗎？ 預算大概抓多少好？
clinic,台北有推薦醫院,recommended,台北,2025-08-01T15:28:00,https://www.pttweb.cc/bbs/facelift/M.1754033321.A.E16,[問題] 台北眼袋手術權威醫生,想做眼袋手術 台北有推薦醫院或權威醫生嗎？ 預算大概抓多少好？
doctor,袋手術的醫生,recommended,台北,2025-07-31T19:26:00,https://www.pttweb.cc/bbs/facelift/M.1753961213.A.E61,[推薦] 台北做眼袋手術的醫生,[推薦] 台北做眼袋手術的醫生 - 看板facelift - PTT網頁版
doctor,袋手術的醫生,recommended,台北,2025-07-31T19:26:00,https://www.pttweb.cc/bbs/facelift/M.1753961213.A.E61,[推薦] 台北做眼袋手術的醫生,"[推薦] 台北做眼袋手術的醫生 ＋收藏 分享 看板 facelift 作者 peter09p (阿寬) 時間 8月前 發表 (2025/07/31 19:26) , 編輯 推噓 4 ( 4 推 0 噓 14 → ) 留言 18則, 5人 參與 , 7月前 最新 討論串 1/1"
doctor,築美的浦醫師,unknown,,2025-07-31T19:26:00,https://www.pttweb.cc/bbs/facelift/M.1753961213.A.E61,[推薦] 台北做眼袋手術的醫生,", 1 F 築美的浦醫師，我怕淚溝之後會更嚴重，有 08/01 00:56 , 1 F → JuJuMi 08/01 00:56,"
doctor,估完覺得醫生,unknown,台北,2025-06-23T13:25:00,https://www.pttweb.cc/bbs/facelift/M.1750656338.A.AED,[心得] 便宜玻尿酸補淚溝大成功,在台北問到一家保柔緹玻尿酸1cc只要13500 聽到價格後就先預約諮詢 評估完覺得醫生還ok，直接請他幫我補淚溝跟蘋果肌
doctor,溝推薦的醫生,recommended,台北,2025-06-07T16:19:00,https://www.pttweb.cc/bbs/facelift/M.1749284377.A.7A5,[問題] 淚溝推薦的醫生 台北新竹,[問題] 淚溝推薦的醫生 台北新竹 - 看板facelift - PTT網頁版
doctor,溝推薦的醫生,recommended,台北,2025-06-07T16:19:00,https://www.pttweb.cc/bbs/facelift/M.1749284377.A.7A5,[問題] 淚溝推薦的醫生 台北新竹,"[問題] 淚溝推薦的醫生 台北新竹 ＋收藏 分享 看板 facelift 作者 deidei (Yun) 時間 9月前 發表 (2025/06/07 16:19) , 編輯 推噓 6 ( 6 推 0 噓 5 → ) 留言 11則, 6人 參與 , 9月前 最新 討論串 1/1"
doctor,莊X揚醫生,unknown,台北,2025-06-07T16:19:00,https://www.pttweb.cc/bbs/facelift/M.1749284377.A.7A5,[問題] 淚溝推薦的醫生 台北新竹,2. 台北 立X皮膚科。莊X揚醫生 （有查一下 會調整韌帶淚溝鬆緊度 感覺不知道其他醫生也會這招嗎？）
doctor,知道其他醫生,unknown,台北,2025-06-07T16:19:00,https://www.pttweb.cc/bbs/facelift/M.1749284377.A.7A5,[問題] 淚溝推薦的醫生 台北新竹,2. 台北 立X皮膚科。莊X揚醫生 （有查一下 會調整韌帶淚溝鬆緊度 感覺不知道其他醫生也會這招嗎？）
clinic,有人推薦台北哪間診所,recommended,台北,2025-06-05T15:23:00,https://www.pttweb.cc/bbs/facelift/M.1749108186.A.762,[問題] 台北割眼袋有推薦的嗎？怕走冤枉路,本來以為眼袋手術是一次搞定 沒想到還有這種問題 現在很怕自己也遇到類似狀況 不知道該怎麼選擇 有人推薦台北哪間診所比較穩定嗎？ 術後照顧會不會很麻煩？該怎麼避免填補吸收不均？
doctor,萬要慎選醫師,recommended,,2025-06-05T15:23:00,https://www.pttweb.cc/bbs/facelift/M.1749108186.A.762,[問題] 台北割眼袋有推薦的嗎？怕走冤枉路,", 2 F 千萬要慎選醫師 眼袋修復超麻煩 06/05 16:38 , 2 F 推 chesterii5 06/05 17:33,"
clinic,眼袋手術一定要找案例多的診所,recommended,,2025-06-05T15:23:00,https://www.pttweb.cc/bbs/facelift/M.1749108186.A.762,[問題] 台北割眼袋有推薦的嗎？怕走冤枉路,", 15 F 眼袋手術一定要找案例多的診所 比較穩 06/06 14:09 , 15 F 推 YouJun 06/06 21:29,"
clinic,台北診所,unknown,台北,2025-05-27T17:37:00,https://www.pttweb.cc/bbs/facelift/M.1748338627.A.B7E,[問題] 想割眼袋 台北診所請益,[問題] 想割眼袋 台北診所請益 - 看板facelift - PTT網頁版
clinic,台北診所,recommended,台北,2025-05-27T17:37:00,https://www.pttweb.cc/bbs/facelift/M.1748338627.A.B7E,[問題] 想割眼袋 台北診所請益,"[問題] 想割眼袋 台北診所請益 ＋收藏 分享 看板 facelift 作者 jingne14 (精靈14號) 時間 10月前 發表 (2025/05/27 17:37) , 編輯 推噓 18 ( 18 推 0 噓 11 → ) 留言 29則, 18人 參與 , 9月前 最新 討論串 1/1"
clinic,有沒有熟台北的板友可以推薦一下診所,recommended,台北,2025-05-27T17:37:00,https://www.pttweb.cc/bbs/facelift/M.1748338627.A.B7E,[問題] 想割眼袋 台北診所請益,受不了我的眼袋了 想割 有沒有熟台北的板友可以推薦一下診所
doctor,陳啓傑醫生,recommended,,2025-05-27T17:37:00,https://www.pttweb.cc/bbs/facelift/M.1748338627.A.B7E,[問題] 想割眼袋 台北診所請益,", 15 F 推薦陳啓傑醫生我跟我媽眼袋都給他做 05/28 16:26 , 15 F 推 y789y 05/28 16:33,"
doctor,陳信宏醫師,recommended,台北,2025-04-16T14:48:00,https://www.pttweb.cc/bbs/facelift/M.1744786117.A.A6D,Re: [問題] 眼袋是不是會遺傳？有辦法改善嗎→靠隆乳,"推 tanyayee 04/15 14:49, 會不會只是水腫，如果只是水腫，好好休 04/15 14:49 → tanyayee 04/15 14:49, 息多喝黑咖啡眼袋很快就會不見了 04/15 14:49 推 ajokuge 04/15 15:52, 好像真的會遺傳哦，遺傳傳三代，人走袋還 04/15 15:52 → ajokuge 04/15 15:53, 在 04/15 15:53 → creamspray 04/15 16:40, 有眼袋真的很醜，你知道悲傷蛙嗎，我 04/15 16:40 → cre..."
doctor,推群英黃醫生,recommended,台北,2025-04-08T12:12:00,https://www.pttweb.cc/bbs/facelift/M.1744085579.A.08E,[問題] 想做眼袋手術求經驗分享,", 26 F 台北推群英黃醫生，媽咪的眼袋是找 04/10 15:17 , 26 F → angelikatsai 04/10 15:17,"
doctor,長這塊的醫生,recommended,台北,2025-03-18T11:59:00,https://www.pttweb.cc/bbs/facelift/M.1742270349.A.644,[問題] 打淚溝要選哪一款玻尿酸？,不知道有沒有人在淚溝打過玻尿酸可以分享一下嗎？會不會有異物感？會不會有腫塊？ 也想問問有沒有推薦台北擅長這塊的醫生&診所，謝謝大家 ----- Sent from JPTT on my iPhone
clinic,長這塊的醫生,recommended,台北,2025-03-18T11:59:00,https://www.pttweb.cc/bbs/facelift/M.1742270349.A.644,[問題] 打淚溝要選哪一款玻尿酸？,不知道有沒有人在淚溝打過玻尿酸可以分享一下嗎？會不會有異物感？會不會有腫塊？ 也想問問有沒有推薦台北擅長這塊的醫生&診所，謝謝大家 ----- Sent from JPTT on my iPhone
doctor,看到有醫師,recommended,新北,2025-02-26T16:57:00,https://www.pttweb.cc/bbs/facelift/M.1740560246.A.661,[問題] 針劑淚溝失敗率最高...請問新北熊貓針,看到有醫師分享從業13年來微整最難打的地方是淚溝 說真皮層、皮下脂肪、韌帶、框內脂肪、框內隔膜都會影響成敗 然後他有推說熊貓針因為是膠原蛋白 而且本身是白色的 蓋黑色素跟藍藍的血管都OK 被人體分解的胺基酸也可以抑制黑色素產生 所以想問新北有沒有厲害的熊貓針醫生診所推薦呢 很怕打完 變更醜
doctor,的熊貓針醫生,recommended,新北,2025-02-26T16:57:00,https://www.pttweb.cc/bbs/facelift/M.1740560246.A.661,[問題] 針劑淚溝失敗率最高...請問新北熊貓針,看到有醫師分享從業13年來微整最難打的地方是淚溝 說真皮層、皮下脂肪、韌帶、框內脂肪、框內隔膜都會影響成敗 然後他有推說熊貓針因為是膠原蛋白 而且本身是白色的 蓋黑色素跟藍藍的血管都OK 被人體分解的胺基酸也可以抑制黑色素產生 所以想問新北有沒有厲害的熊貓針醫生診所推薦呢 很怕打完 變更醜
clinic,的熊貓針醫生,recommended,新北,2025-02-26T16:57:00,https://www.pttweb.cc/bbs/facelift/M.1740560246.A.661,[問題] 針劑淚溝失敗率最高...請問新北熊貓針,看到有醫師分享從業13年來微整最難打的地方是淚溝 說真皮層、皮下脂肪、韌帶、框內脂肪、框內隔膜都會影響成敗 然後他有推說熊貓針因為是膠原蛋白 而且本身是白色的 蓋黑色素跟藍藍的血管都OK 被人體分解的胺基酸也可以抑制黑色素產生 所以想問新北有沒有厲害的熊貓針醫生診所推薦呢 很怕打完 變更醜
doctor,不完全是醫師,unknown,,2025-02-26T16:57:00,https://www.pttweb.cc/bbs/facelift/M.1740560246.A.661,[問題] 針劑淚溝失敗率最高...請問新北熊貓針,", 12 F 然後淚溝的確很難，有時甚至不完全是醫師 02/26 21:00 , 12 F → richway 02/26 21:00,"
doctor,淚溝太吃醫師,unknown,,2025-02-26T16:57:00,https://www.pttweb.cc/bbs/facelift/M.1740560246.A.661,[問題] 針劑淚溝失敗率最高...請問新北熊貓針,", 33 F 而且淚溝太吃醫師手感了。然後回應 02/27 17:02 , 33 F → aabbcc2601 02/27 17:02,"
clinic,光澤診所,unknown,,2025-02-26T16:57:00,https://www.pttweb.cc/bbs/facelift/M.1740560246.A.661,[問題] 針劑淚溝失敗率最高...請問新北熊貓針,", 61 F 光澤診所做5D亮睛術 才跟大眼袋+深淚溝 03/04 15:35 , 61 F → amy501201 03/04 15:35,"
doctor,台北哪位醫生,unknown,台北,2025-02-20T16:40:00,https://www.pttweb.cc/bbs/facelift/M.1740040827.A.585,[問題] 台北哪位醫生擅長在淚溝打玻尿酸？,[問題] 台北哪位醫生擅長在淚溝打玻尿酸？ - 看板facelift - PTT網頁版
doctor,台北哪位醫生,recommended,台北,2025-02-20T16:40:00,https://www.pttweb.cc/bbs/facelift/M.1740040827.A.585,[問題] 台北哪位醫生擅長在淚溝打玻尿酸？,"[問題] 台北哪位醫生擅長在淚溝打玻尿酸？ ＋收藏 分享 看板 facelift 作者 wenj98d (很難文靜) 時間 1年前 發表 (2025/02/20 16:40) , 1年前 編輯 推噓 17 ( 17 推 0 噓 42 → ) 留言 59則, 12人 參與 , 1年前 最新 討論串 1/1"
clinic,已經先上網爬文找了3家網友比較推薦的診所,recommended,,2025-02-20T16:40:00,https://www.pttweb.cc/bbs/facelift/M.1740040827.A.585,[問題] 台北哪位醫生擅長在淚溝打玻尿酸？,最近照鏡子的時候，突然發現自己的淚溝變得好深， 看起來超累又很沒精神，就算睡很飽還是像有熬夜一樣QQ 想說是不是該補點玻尿酸來填平凹陷，讓臉看起來不那麼憔悴！ 已經先上網爬文找了3家網友比較推薦的診所，
clinic,價格比其他診所,recommended,,2025-02-20T16:40:00,https://www.pttweb.cc/bbs/facelift/M.1740040827.A.585,[問題] 台北哪位醫生擅長在淚溝打玻尿酸？,夏爾 -價格比其他診所便宜一些，評價也不錯， 但不知道玻尿酸的品質會不會有差別？ 請問大家有在這幾家診所補淚溝的經驗嗎？ 或是有沒有其他推薦的診所？ 再麻煩大家分享了 感激不盡！
clinic,請問大家有在這幾家診所,recommended,,2025-02-20T16:40:00,https://www.pttweb.cc/bbs/facelift/M.1740040827.A.585,[問題] 台北哪位醫生擅長在淚溝打玻尿酸？,夏爾 -價格比其他診所便宜一些，評價也不錯， 但不知道玻尿酸的品質會不會有差別？ 請問大家有在這幾家診所補淚溝的經驗嗎？ 或是有沒有其他推薦的診所？ 再麻煩大家分享了 感激不盡！
clinic,或是有沒有其他推薦的診所,recommended,,2025-02-20T16:40:00,https://www.pttweb.cc/bbs/facelift/M.1740040827.A.585,[問題] 台北哪位醫生擅長在淚溝打玻尿酸？,夏爾 -價格比其他診所便宜一些，評價也不錯， 但不知道玻尿酸的品質會不會有差別？ 請問大家有在這幾家診所補淚溝的經驗嗎？ 或是有沒有其他推薦的診所？ 再麻煩大家分享了 感激不盡！
doctor,蕭x隆醫師,unknown,,2025-02-20T16:40:00,https://www.pttweb.cc/bbs/facelift/M.1740040827.A.585,[問題] 台北哪位醫生擅長在淚溝打玻尿酸？,", 34 F 給蕭x隆醫師打過淚溝 個人覺得不 02/24 02:07 , 34 F → PINKLED 02/24 02:07,"
doctor,找楊仕安醫師,unknown,,2025-02-20T16:40:00,https://www.pttweb.cc/bbs/facelift/M.1740040827.A.585,[問題] 台北哪位醫生擅長在淚溝打玻尿酸？,", 42 F 我也是三月要找楊仕安醫師打眼袋淚溝了! 02/24 18:18 , 42 F → lotol555 02/24 18:19,"
clinic,有上網爬文蒐集一些診所,recommended,台北,2024-11-21T16:26:00,https://www.pttweb.cc/bbs/facelift/M.1732177592.A.432,[問題] 萬年眼袋和淚溝推薦做五合一隱痕眼袋嗎?,打從娘胎出生眼袋就很明顯... 越長大越明顯之外眼袋也慢慢跑出來 一直以來都是靠遮瑕膏、打亮等化妝品去修飾 但改善的狀況很有限而且遮瑕上越厚妝感也很不自然 上網看到現在有五合一的眼袋手術，能改善黑眼圈、眼袋、淚溝還有眼下拉提 比起以前單做眼袋淚溝能讓眼周看起來更無暇 雖然我好像不太需要眼下拉提，但想說既然都要做了就直接做好做滿!? 但又怕原本不太需要改善的地方做了會不自然 想問有跟我一樣困擾的人是做了五合一嗎? 有做過類似手術的推薦五合一還是做眼袋淚溝就夠了 有上網爬文蒐集一些診所名單想去諮詢，但沒做過醫美還是很擔...
clinic,但沒做過醫美,recommended,台北,2024-11-21T16:26:00,https://www.pttweb.cc/bbs/facelift/M.1732177592.A.432,[問題] 萬年眼袋和淚溝推薦做五合一隱痕眼袋嗎?,打從娘胎出生眼袋就很明顯... 越長大越明顯之外眼袋也慢慢跑出來 一直以來都是靠遮瑕膏、打亮等化妝品去修飾 但改善的狀況很有限而且遮瑕上越厚妝感也很不自然 上網看到現在有五合一的眼袋手術，能改善黑眼圈、眼袋、淚溝還有眼下拉提 比起以前單做眼袋淚溝能讓眼周看起來更無暇 雖然我好像不太需要眼下拉提，但想說既然都要做了就直接做好做滿!? 但又怕原本不太需要改善的地方做了會不自然 想問有跟我一樣困擾的人是做了五合一嗎? 有做過類似手術的推薦五合一還是做眼袋淚溝就夠了 有上網爬文蒐集一些診所名單想去諮詢，但沒做過醫美還是很擔...
clinic,如果有台北推薦的診所,recommended,台北,2024-11-21T16:26:00,https://www.pttweb.cc/bbs/facelift/M.1732177592.A.432,[問題] 萬年眼袋和淚溝推薦做五合一隱痕眼袋嗎?,打從娘胎出生眼袋就很明顯... 越長大越明顯之外眼袋也慢慢跑出來 一直以來都是靠遮瑕膏、打亮等化妝品去修飾 但改善的狀況很有限而且遮瑕上越厚妝感也很不自然 上網看到現在有五合一的眼袋手術，能改善黑眼圈、眼袋、淚溝還有眼下拉提 比起以前單做眼袋淚溝能讓眼周看起來更無暇 雖然我好像不太需要眼下拉提，但想說既然都要做了就直接做好做滿!? 但又怕原本不太需要改善的地方做了會不自然 想問有跟我一樣困擾的人是做了五合一嗎? 有做過類似手術的推薦五合一還是做眼袋淚溝就夠了 有上網爬文蒐集一些診所名單想去諮詢，但沒做過醫美還是很擔...
clinic,台北診所,recommended,台北,2024-11-18T11:52:00,https://www.pttweb.cc/bbs/facelift/M.1731901954.A.125,[問題] 台北診所推薦(眼袋手術及黑眼圈改善),[問題] 台北診所推薦(眼袋手術及黑眼圈改善) - 看板facelift - PTT網頁版
clinic,台北診所,recommended,台北,2024-11-18T11:52:00,https://www.pttweb.cc/bbs/facelift/M.1731901954.A.125,[問題] 台北診所推薦(眼袋手術及黑眼圈改善),"[問題] 台北診所推薦(眼袋手術及黑眼圈改善) ＋收藏 分享 看板 facelift 作者 sinleaf (sinleaf) 時間 1年前 發表 (2024/11/18 11:52) , 1年前 編輯 推噓 13 ( 13 推 0 噓 26 → ) 留言 39則, 12人 參與 , 1年前 最新 討論串 1/1"
doctor,的診所或醫師,recommended,台北,2024-11-18T11:52:00,https://www.pttweb.cc/bbs/facelift/M.1731901954.A.125,[問題] 台北診所推薦(眼袋手術及黑眼圈改善),最近想要去醫美一勞永逸 發現還有所謂內開及外開之分 是覺得還是要去諮詢看看比較準確 想詢問有做過眼袋淚溝手術的前輩 這兩個通常會一併處理嗎?黑眼圈有獲得改善嗎? 有推薦台北的診所或醫師嗎?
clinic,最近想要去醫美,recommended,台北,2024-11-18T11:52:00,https://www.pttweb.cc/bbs/facelift/M.1731901954.A.125,[問題] 台北診所推薦(眼袋手術及黑眼圈改善),最近想要去醫美一勞永逸 發現還有所謂內開及外開之分 是覺得還是要去諮詢看看比較準確 想詢問有做過眼袋淚溝手術的前輩 這兩個通常會一併處理嗎?黑眼圈有獲得改善嗎? 有推薦台北的診所或醫師嗎?
clinic,有推薦台北的診所,recommended,台北,2024-11-18T11:52:00,https://www.pttweb.cc/bbs/facelift/M.1731901954.A.125,[問題] 台北診所推薦(眼袋手術及黑眼圈改善),最近想要去醫美一勞永逸 發現還有所謂內開及外開之分 是覺得還是要去諮詢看看比較準確 想詢問有做過眼袋淚溝手術的前輩 這兩個通常會一併處理嗎?黑眼圈有獲得改善嗎? 有推薦台北的診所或醫師嗎?
doctor,余德毅醫師,unknown,,2024-11-18T11:52:00,https://www.pttweb.cc/bbs/facelift/M.1731901954.A.125,[問題] 台北診所推薦(眼袋手術及黑眼圈改善),", 24 F 內開眼袋跟淚溝回填我一起給余德毅醫師 11/19 16:28 , 24 F → Joelee889 11/19 16:29,"
doctor,黃仁吳醫師,unknown,,2024-11-18T11:52:00,https://www.pttweb.cc/bbs/facelift/M.1731901954.A.125,[問題] 台北診所推薦(眼袋手術及黑眼圈改善),", 34 F 給黃仁吳醫師開有回填淚溝，填平之後 11/24 21:18 , 34 F → sandrahuang 11/24 21:18,"
doctor,鍾立人醫師,unknown,,2024-11-18T11:52:00,https://www.pttweb.cc/bbs/facelift/M.1731901954.A.125,[問題] 台北診所推薦(眼袋手術及黑眼圈改善),", 36 F 我找鍾立人醫師做內開眼袋手術後，眼 11/26 14:59 , 36 F → crouhselang 11/26 15:00,"
doctor,台北眼袋醫生,unknown,台北,2024-11-15T10:12:00,https://www.pttweb.cc/bbs/facelift/M.1731636764.A.946,[問題] 台北眼袋醫生選手,[問題] 台北眼袋醫生選手 - 看板facelift - PTT網頁版
doctor,台北眼袋醫生,recommended,台北,2024-11-15T10:12:00,https://www.pttweb.cc/bbs/facelift/M.1731636764.A.946,[問題] 台北眼袋醫生選手,"[問題] 台北眼袋醫生選手 ＋收藏 分享 看板 facelift 作者 abckitty (比特熊金貝貝) 時間 1年前 發表 (2024/11/15 10:12) , 編輯 推噓 3 ( 3 推 0 噓 10 → ) 留言 13則, 4人 參與 , 1年前 最新 討論串 1/1"
doctor,沒有要聽醫生,unknown,,2024-11-15T10:12:00,https://www.pttweb.cc/bbs/facelift/M.1731636764.A.946,[問題] 台北眼袋醫生選手,我打算眼袋脂肪轉位淚溝， 沒有要聽醫生建議補蘋果肌， 一方面覺得貴， 一方面覺得動越少越好。
doctor,個月給蕭醫生,recommended,,2024-11-15T10:12:00,https://www.pttweb.cc/bbs/facelift/M.1731636764.A.946,[問題] 台北眼袋醫生選手,", 1 F 上個月給蕭醫生做眼袋轉淚溝滿意，但小 11/17 23:01 , 1 F → lee1406 11/17 23:01,"
doctor,漾國際錢醫師,unknown,台北,2024-11-11T11:59:00,https://www.pttweb.cc/bbs/facelift/M.1731297598.A.600,[問題] 有擅長開眼袋轉位手術的醫師嗎?,", 9 F 黑眼圈暗沉或貓咪紋問題比較有關 11/12 14:20 , 9 F 好的，後來被老婆提醒自己也是細細觀察臉部狀態 有可能不只是眼袋問題讓我看起來顯老版上我看幾篇是內開＋補淚溝 好像有看到台北一家花漾國際錢醫師是做眼袋轉位 但網路上案例不多，感覺沒有特別打廣告"
doctor,和黃仁吳醫生,unknown,台北,2024-08-26T18:03:00,https://www.pttweb.cc/bbs/facelift/M.1724666584.A.054,[問題] 眼袋內開補淚溝要選轉位/回推/回填？,目前已經有預約諮詢余德毅和黃仁吳醫生 台北還有其他專精眼袋評價不錯的醫生嗎
doctor,價不錯的醫生,unknown,台北,2024-08-26T18:03:00,https://www.pttweb.cc/bbs/facelift/M.1724666584.A.054,[問題] 眼袋內開補淚溝要選轉位/回推/回填？,目前已經有預約諮詢余德毅和黃仁吳醫生 台北還有其他專精眼袋評價不錯的醫生嗎
doctor,多找幾個醫師,recommended,台北,2024-08-19T11:22:00,https://www.pttweb.cc/bbs/facelift/M.1724037740.A.E7B,[問題] 北部眼袋手術醫師推薦,"不知道是不是遺傳性的,我從小就開始有眼袋了,但那時候並不深,直到最近開始上班後,休 息時間沒以前那麼多,眼袋越來越深了,現在我才二字頭但每次讓人感覺好像四十幾歲,目 前已經有幾個口袋名單,想多找幾個醫師,所以來問問看有沒有人在台北做過眼袋手術,有 推薦的醫師嗎?"
doctor,的醫師,recommended,台北,2024-08-19T11:22:00,https://www.pttweb.cc/bbs/facelift/M.1724037740.A.E7B,[問題] 北部眼袋手術醫師推薦,"不知道是不是遺傳性的,我從小就開始有眼袋了,但那時候並不深,直到最近開始上班後,休 息時間沒以前那麼多,眼袋越來越深了,現在我才二字頭但每次讓人感覺好像四十幾歲,目 前已經有幾個口袋名單,想多找幾個醫師,所以來問問看有沒有人在台北做過眼袋手術,有 推薦的醫師嗎?"
doctor,如果醫師,unknown,台北,2024-07-03T12:08:00,https://www.pttweb.cc/bbs/facelift/M.1719979703.A.84F,[問題] 求中部眼袋手術推薦,如果醫師說要補淚溝大家會順便補嗎 之前在台北有被建議過補淚溝加蘋果肌看起來會更順
doctor,台北地區醫生,recommended,台北,2024-06-01T14:16:00,https://www.pttweb.cc/bbs/facelift/M.1717222586.A.FEC,淚溝困擾 想先徵詢一下方向,比較不考慮打填充物 希望能推薦大台北地區醫生 淚溝補脂 謝謝
clinic,台北美麗線診所,unknown,台北,2024-04-13T02:05:00,https://www.pttweb.cc/bbs/facelift/M.1712945124.A.08A,[心得] 台北美麗線診所眼袋手術分享,[心得] 台北美麗線診所眼袋手術分享 - 看板facelift - PTT網頁版
clinic,台北美麗線診所,recommended,台北,2024-04-13T02:05:00,https://www.pttweb.cc/bbs/facelift/M.1712945124.A.08A,[心得] 台北美麗線診所眼袋手術分享,"[心得] 台北美麗線診所眼袋手術分享 ＋收藏 分享 看板 facelift 作者 weguin (愛在記憶中找你) 時間 1年前 發表 (2024/04/13 02:05) , 編輯 推噓 0 ( 0 推 0 噓 0 → ) 留言 0則, 0人 參與 , 最新 討論串 1/1"
doctor,美麗線黃醫師,unknown,,2024-04-13T02:05:00,https://www.pttweb.cc/bbs/facelift/M.1712945124.A.08A,[心得] 台北美麗線診所眼袋手術分享,搜尋眼袋手術已經一年的時間， 板上的文章也一看再看， 可能是演算法的關係， 某一天在臉書上看到了美麗線黃醫師的文章， 覺得這位女醫師說明的很仔細又清楚， 預約諮詢當天就很放心的付訂了
doctor,得這位女醫師,unknown,,2024-04-13T02:05:00,https://www.pttweb.cc/bbs/facelift/M.1712945124.A.08A,[心得] 台北美麗線診所眼袋手術分享,搜尋眼袋手術已經一年的時間， 板上的文章也一看再看， 可能是演算法的關係， 某一天在臉書上看到了美麗線黃醫師的文章， 覺得這位女醫師說明的很仔細又清楚， 預約諮詢當天就很放心的付訂了
doctor,內開眼袋醫生,recommended,台北,2024-03-21T02:08:00,https://www.pttweb.cc/bbs/facelift/M.1710958084.A.37E,[問題] 台北內開眼袋醫生推薦,[問題] 台北內開眼袋醫生推薦 - 看板facelift - PTT網頁版
doctor,內開眼袋醫生,recommended,台北,2024-03-21T02:08:00,https://www.pttweb.cc/bbs/facelift/M.1710958084.A.37E,[問題] 台北內開眼袋醫生推薦,"[問題] 台北內開眼袋醫生推薦 ＋收藏 分享 看板 facelift 作者 uniquecat (野貓) 時間 2年前 發表 (2024/03/21 02:08) , 2年前 編輯 推噓 16 ( 16 推 0 噓 26 → ) 留言 42則, 20人 參與 , 1年前 最新 討論串 1/1"
clinic,已經爬文並線上諮詢了幾個診所,recommended,台北,2024-03-21T02:08:00,https://www.pttweb.cc/bbs/facelift/M.1710958084.A.37E,[問題] 台北內開眼袋醫生推薦,眼袋問題已經困擾我多年，今年終於決定要處理。目前住國外，想趁暑假一個禮拜時間回 台北動手術。已經爬文並線上諮詢了幾個診所/醫生，給的建議都是舒眠內開眼袋自體脂 肪補淚溝和蘋果肌，價錢也都差不多。想要看看大家有沒有特別推哪一位。主要希望恢復 期短和不用貼美容膠帶！
clinic,我自己跟家人在台生診所,unknown,,2024-03-21T02:08:00,https://www.pttweb.cc/bbs/facelift/M.1710958084.A.37E,[問題] 台北內開眼袋醫生推薦,", 6 F 我自己跟家人在台生診所做眼袋，真 03/21 12:35 , 6 F → emma08162000 03/21 12:35,"
clinic,請問有人知道台生診所,not_recommended,,2024-03-21T02:08:00,https://www.pttweb.cc/bbs/facelift/M.1710958084.A.37E,[問題] 台北內開眼袋醫生推薦,", 14 F 請問有人知道台生診所的雷射汽化跟眼袋內開 03/21 17:21 , 14 F → tonyo 03/21 17:21,"
doctor,我給蔡醫生,recommended,,2024-03-21T02:08:00,https://www.pttweb.cc/bbs/facelift/M.1710958084.A.37E,[問題] 台北內開眼袋醫生推薦,", 16 F 我給蔡醫生做，很滿意喔（有補脂所以有 03/21 23:13 , 16 F → yetalee 03/22 00:34,"
doctor,麗舍的陳醫師,unknown,,2024-03-21T02:08:00,https://www.pttweb.cc/bbs/facelift/M.1710958084.A.37E,[問題] 台北內開眼袋醫生推薦,", 18 F 我自己是找麗舍的陳醫師內開眼袋，沒貼， 03/22 17:59 , 18 F → readmoo 03/22 18:00,"
doctor,璞美荊醫師,recommended,,2024-03-21T02:08:00,https://www.pttweb.cc/bbs/facelift/M.1710958084.A.37E,[問題] 台北內開眼袋醫生推薦,", 22 F 推璞美荊醫師，我姐也是開完補脂貼膠 03/22 22:47 , 22 F → tiger7182 03/22 22:47,"
doctor,儷人的鍾醫師,unknown,,2024-02-29T18:00:00,https://www.pttweb.cc/bbs/facelift/M.1709200843.A.BF3,台北內開眼袋有推薦的嗎？,", 1 F 我是找儷人的鍾醫師做內開眼袋 術後眼 03/01 12:38 , 1 F → yunghungt 03/01 12:39,"
doctor,給余德毅醫生,unknown,,2024-02-29T18:00:00,https://www.pttweb.cc/bbs/facelift/M.1709200843.A.BF3,台北內開眼袋有推薦的嗎？,", 17 F 我是給余德毅醫生做內開眼袋，目前做完四 03/06 18:13 , 17 F → Xd85ny 03/06 18:13,"
doctor,絕色給孫醫師,unknown,,2024-02-29T18:00:00,https://www.pttweb.cc/bbs/facelift/M.1709200843.A.BF3,台北內開眼袋有推薦的嗎？,", 20 F 我媽去年底有去臻品絕色給孫醫師處理眼袋 03/08 15:41 , 20 F → ear0580 03/08 15:42,"
doctor,二修手術醫生,recommended,台北,2023-12-29T13:50:00,https://www.pttweb.cc/bbs/facelift/M.1703829056.A.C45,[問題] 眼袋二修手術醫生有推薦的嗎?(台北),[問題] 眼袋二修手術醫生有推薦的嗎?(台北) - 看板facelift - PTT網頁版
doctor,二修手術醫生,recommended,台北,2023-12-29T13:50:00,https://www.pttweb.cc/bbs/facelift/M.1703829056.A.C45,[問題] 眼袋二修手術醫生有推薦的嗎?(台北),"[問題] 眼袋二修手術醫生有推薦的嗎?(台北) ＋收藏 分享 看板 facelift 作者 Mollith (Mollith) 時間 2年前 發表 (2023/12/29 13:50) , 編輯 推噓 8 ( 8 推 0 噓 10 → ) 留言 18則, 4人 參與 , 2年前 最新 討論串 1/1"
doctor,要找二修醫生,recommended,台北,2023-12-29T13:50:00,https://www.pttweb.cc/bbs/facelift/M.1703829056.A.C45,[問題] 眼袋二修手術醫生有推薦的嗎?(台北),2018年有做過眼袋內開手術 現在感覺又長出來了想要找二修醫生 不知道台北有沒有比較推薦的 二修的話有辦法再用內開的方式嗎?
clinic,台北新北有推薦的醫美診所,recommended,台北,2023-11-29T13:43:00,https://www.pttweb.cc/bbs/facelift/M.1701236605.A.3AC,[問題] 黑眼圈可以求助醫美嗎,我沒有過敏 也沒有睡眠不足 不過從小就有超深的黑眼圈 爬文研究後 應該是色素型 黑到上眼皮去了 外號不外乎就是 熊貓 吸毒犯 尻王 想請問大神們 台北新北有推薦的醫美診所嗎？ 因為沒做過醫美很擔心被薛…… 希望有版友能分享QQ
clinic,因為沒做過醫美,recommended,台北,2023-11-29T13:43:00,https://www.pttweb.cc/bbs/facelift/M.1701236605.A.3AC,[問題] 黑眼圈可以求助醫美嗎,我沒有過敏 也沒有睡眠不足 不過從小就有超深的黑眼圈 爬文研究後 應該是色素型 黑到上眼皮去了 外號不外乎就是 熊貓 吸毒犯 尻王 想請問大神們 台北新北有推薦的醫美診所嗎？ 因為沒做過醫美很擔心被薛…… 希望有版友能分享QQ
doctor,台北眼袋醫師,unknown,台北,2023-11-25T20:21:00,https://www.pttweb.cc/bbs/facelift/M.1700914903.A.967,[問題] 台北眼袋醫師人選,[問題] 台北眼袋醫師人選 - 看板facelift - PTT網頁版
doctor,台北眼袋醫師,recommended,台北,2023-11-25T20:21:00,https://www.pttweb.cc/bbs/facelift/M.1700914903.A.967,[問題] 台北眼袋醫師人選,"[問題] 台北眼袋醫師人選 ＋收藏 分享 看板 facelift 作者 ownways (陽光敗家男) 時間 2年前 發表 (2023/11/25 20:21) , 2年前 編輯 推噓 9 ( 9 推 0 噓 21 → ) 留言 30則, 12人 參與 , 2年前 最新 討論串 1/1"
doctor,是當年老醫生,recommended,,2023-11-25T20:21:00,https://www.pttweb.cc/bbs/facelift/M.1700914903.A.967,[問題] 台北眼袋醫師人選,主打氣化！ 就說恢復會很快、少瘀青（但其實內開也都7-14天不是嗎？） 相關官方推薦照片我是最有感的。 其實也不是當年老醫生，看網路資訊好像是姪子 醫生親切。
doctor,的李京軒醫師,unknown,台北,2023-11-25T20:21:00,https://www.pttweb.cc/bbs/facelift/M.1700914903.A.967,[問題] 台北眼袋醫師人選,", 22 F 台北名悅的李京軒醫師弄眼袋還不錯 11/28 15:55 , 22 F → minahuang21 11/28 15:55,"
doctor,後也覺得醫生,unknown,台北,2023-11-04T09:07:00,https://www.pttweb.cc/bbs/facelift/M.1699060021.A.CDD,[分享] 終於到了可以分享眼袋內開手術的成果~~,我是嚴重過敏性黑眼圈+眼皮較薄血管透 (因為很少拍素顏照，只找到淡妝遮瑕照)，一開 始在台北諮詢熊貓針，因為聽說遮黑眼圈效果較好，後來因為評估熊貓針持久性太短又不 便宜，就決定還是做眼袋內開回填脂肪，又因為考量到生活區域方便性，最後選擇就近在 新竹凡登預約手術諮詢，諮詢完後也覺得醫生講解的很讓人放心 (雖然不便宜QQ要大概 8 萬多，當天直接抽血確定能不能手術，隔天就直接預約兩週後開刀~
doctor,溝手術的醫生,recommended,台南,2023-10-24T18:20:00,https://www.pttweb.cc/bbs/facelift/M.1698142851.A.BC2,[問題] 請推薦我雙北或台南開淚溝手術的醫生已刪文,[問題] 請推薦我雙北或台南開淚溝手術的醫生 - 看板facelift - PTT網頁版
doctor,溝手術的醫生,recommended,台南,2023-10-24T18:20:00,https://www.pttweb.cc/bbs/facelift/M.1698142851.A.BC2,[問題] 請推薦我雙北或台南開淚溝手術的醫生已刪文,"[問題] 請推薦我雙北或台南開淚溝手術的醫生 已刪文 ＋收藏 分享 看板 facelift 作者 chiopin (......) 時間 2年前 發表 (2023/10/24 18:20) , 編輯 推噓 0 ( 0 推 0 噓 0 → ) 留言 0則, 0人 參與 , 最新 討論串 1/1"
doctor,麗線的黃醫師,recommended,台北,2023-10-24T10:30:00,https://www.pttweb.cc/bbs/facelift/M.1698114631.A.70E,[問題] 眼袋手術有辦法根除雙層眼袋嗎？,", 15 F 個人會有神很多～ 10/25 15:07 , 15 F 推 wmkkin 10/27 17:38, , 16 F 眼袋不是長出來的，是鬆弛導致脂肪墊下滑 10/27 17:38 , 16 F → wmkkin 10/27 17:38, , 17 F 只有手術拿掉眼下脂肪、放鬆皮下韌帶 10/27 17:38 , 17 F → wmkkin 10/27 17:39, , 18 F 填好該填的淚溝，有需要的話還要讓蘋果肌 10/27 17:39 , 18 F → wmkkin 10/27 17:39, ,..."
doctor,驗豐富的醫生,recommended,台北,2023-10-24T10:30:00,https://www.pttweb.cc/bbs/facelift/M.1698114631.A.70E,[問題] 眼袋手術有辦法根除雙層眼袋嗎？,", 15 F 個人會有神很多～ 10/25 15:07 , 15 F 推 wmkkin 10/27 17:38, , 16 F 眼袋不是長出來的，是鬆弛導致脂肪墊下滑 10/27 17:38 , 16 F → wmkkin 10/27 17:38, , 17 F 只有手術拿掉眼下脂肪、放鬆皮下韌帶 10/27 17:38 , 17 F → wmkkin 10/27 17:39, , 18 F 填好該填的淚溝，有需要的話還要讓蘋果肌 10/27 17:39 , 18 F → wmkkin 10/27 17:39, ,..."
doctor,直接給醫生,recommended,台北,2023-10-24T10:30:00,https://www.pttweb.cc/bbs/facelift/M.1698114631.A.70E,[問題] 眼袋手術有辦法根除雙層眼袋嗎？,", 15 F 個人會有神很多～ 10/25 15:07 , 15 F 推 wmkkin 10/27 17:38, , 16 F 眼袋不是長出來的，是鬆弛導致脂肪墊下滑 10/27 17:38 , 16 F → wmkkin 10/27 17:38, , 17 F 只有手術拿掉眼下脂肪、放鬆皮下韌帶 10/27 17:38 , 17 F → wmkkin 10/27 17:39, , 18 F 填好該填的淚溝，有需要的話還要讓蘋果肌 10/27 17:39 , 18 F → wmkkin 10/27 17:39, ,..."
doctor,曼都給李院長,recommended,台北,2023-10-24T10:30:00,https://www.pttweb.cc/bbs/facelift/M.1698114631.A.70E,[問題] 眼袋手術有辦法根除雙層眼袋嗎？,", 15 F 個人會有神很多～ 10/25 15:07 , 15 F 推 wmkkin 10/27 17:38, , 16 F 眼袋不是長出來的，是鬆弛導致脂肪墊下滑 10/27 17:38 , 16 F → wmkkin 10/27 17:38, , 17 F 只有手術拿掉眼下脂肪、放鬆皮下韌帶 10/27 17:38 , 17 F → wmkkin 10/27 17:39, , 18 F 填好該填的淚溝，有需要的話還要讓蘋果肌 10/27 17:39 , 18 F → wmkkin 10/27 17:39, ,..."
doctor,議診所及醫師,unknown,台北,2023-10-20T23:42:00,https://www.pttweb.cc/bbs/facelift/M.1697816579.A.3BF,[問題] 台北眼袋手術建議診所及醫師已刪文,[問題] 台北眼袋手術建議診所及醫師 - 看板facelift - PTT網頁版
clinic,台北眼袋手術建議診所,unknown,台北,2023-10-20T23:42:00,https://www.pttweb.cc/bbs/facelift/M.1697816579.A.3BF,[問題] 台北眼袋手術建議診所及醫師已刪文,[問題] 台北眼袋手術建議診所及醫師 - 看板facelift - PTT網頁版
doctor,議診所及醫師,recommended,台北,2023-10-20T23:42:00,https://www.pttweb.cc/bbs/facelift/M.1697816579.A.3BF,[問題] 台北眼袋手術建議診所及醫師已刪文,"[問題] 台北眼袋手術建議診所及醫師 已刪文 ＋收藏 分享 看板 facelift 作者 s0918831707 (Darcy) 時間 2年前 發表 (2023/10/20 23:42) , 編輯 推噓 1 ( 1 推 0 噓 0 → ) 留言 1則, 1人 參與 , 2年前 最新 討論串 1/1"
clinic,台北眼袋手術建議診所,recommended,台北,2023-10-20T23:42:00,https://www.pttweb.cc/bbs/facelift/M.1697816579.A.3BF,[問題] 台北眼袋手術建議診所及醫師已刪文,"[問題] 台北眼袋手術建議診所及醫師 已刪文 ＋收藏 分享 看板 facelift 作者 s0918831707 (Darcy) 時間 2年前 發表 (2023/10/20 23:42) , 編輯 推噓 1 ( 1 推 0 噓 0 → ) 留言 1則, 1人 參與 , 2年前 最新 討論串 1/1"
doctor,道找哪位醫師,recommended,,2023-10-20T23:42:00,https://www.pttweb.cc/bbs/facelift/M.1697816579.A.3BF,[問題] 台北眼袋手術建議診所及醫師已刪文,5. 極緻-？不知道找哪位醫師 好像關於眼袋的推薦也沒到很多
doctor,台北眼袋醫生,recommended,台北,2023-09-26T12:11:00,https://www.pttweb.cc/bbs/facelift/M.1695701510.A.690,[問題] 台北眼袋醫生推薦~,[問題] 台北眼袋醫生推薦~ - 看板facelift - PTT網頁版
doctor,台北眼袋醫生,recommended,台北,2023-09-26T12:11:00,https://www.pttweb.cc/bbs/facelift/M.1695701510.A.690,[問題] 台北眼袋醫生推薦~,"[問題] 台北眼袋醫生推薦~ ＋收藏 分享 看板 facelift 作者 childruby (迷漾D) 時間 2年前 發表 (2023/09/26 12:11) , 編輯 推噓 11 ( 11 推 0 噓 18 → ) 留言 29則, 13人 參與 , 最新 討論串 1/1"
doctor,袋內開的醫生,recommended,台北,2023-09-26T12:11:00,https://www.pttweb.cc/bbs/facelift/M.1695701510.A.690,[問題] 台北眼袋醫生推薦~,版上有很多眼袋內開的醫生推薦文 但我偏好外開或是複合式的 不太想純內開式是因為怕之後還要回去填補眼部脂肪 想問問台北有沒有推薦的眼袋醫生或是診所做外開/複合式眼袋比較厲害的？謝謝
doctor,薦的眼袋醫生,recommended,台北,2023-09-26T12:11:00,https://www.pttweb.cc/bbs/facelift/M.1695701510.A.690,[問題] 台北眼袋醫生推薦~,版上有很多眼袋內開的醫生推薦文 但我偏好外開或是複合式的 不太想純內開式是因為怕之後還要回去填補眼部脂肪 想問問台北有沒有推薦的眼袋醫生或是診所做外開/複合式眼袋比較厲害的？謝謝
clinic,薦的眼袋醫生,recommended,台北,2023-09-26T12:11:00,https://www.pttweb.cc/bbs/facelift/M.1695701510.A.690,[問題] 台北眼袋醫生推薦~,版上有很多眼袋內開的醫生推薦文 但我偏好外開或是複合式的 不太想純內開式是因為怕之後還要回去填補眼部脂肪 想問問台北有沒有推薦的眼袋醫生或是診所做外開/複合式眼袋比較厲害的？謝謝
doctor,英洪章桂醫生,unknown,,2023-09-26T12:11:00,https://www.pttweb.cc/bbs/facelift/M.1695701510.A.690,[問題] 台北眼袋醫生推薦~,", 10 F 群英洪章桂醫生，認識的姐姐給他做眼袋 09/27 16:10 , 10 F → baomei520 09/27 16:10,"
doctor,一輪下來醫生,unknown,,2023-09-26T12:11:00,https://www.pttweb.cc/bbs/facelift/M.1695701510.A.690,[問題] 台北眼袋醫生推薦~,", 19 F 我也想做眼袋手術！但諮詢一輪下來醫生 09/28 12:08 , 19 F → patootoo 09/28 12:08,"
doctor,給余德毅醫生,unknown,,2023-09-26T12:11:00,https://www.pttweb.cc/bbs/facelift/M.1695701510.A.690,[問題] 台北眼袋醫生推薦~,", 23 F 我是給余德毅醫生做的，他內開外開都有做 09/28 18:35 , 23 F → Xd85ny 09/28 18:36,"
doctor,慕顏周杰醫生,unknown,,2023-09-26T12:11:00,https://www.pttweb.cc/bbs/facelift/M.1695701510.A.690,[問題] 台北眼袋醫生推薦~,", 25 F 慕顏周杰醫生，不過他是內開+修皮，不做 09/29 07:48 , 25 F → kllara 09/29 07:48,"
clinic,台北眼袋手術推薦診所,recommended,台北,2023-09-06T15:28:00,https://www.pttweb.cc/bbs/facelift/M.1693985291.A.22C,[問題] 台北眼袋手術推薦診所與術後恢復,[問題] 台北眼袋手術推薦診所與術後恢復 - 看板facelift - PTT網頁版
clinic,台北眼袋手術推薦診所,recommended,台北,2023-09-06T15:28:00,https://www.pttweb.cc/bbs/facelift/M.1693985291.A.22C,[問題] 台北眼袋手術推薦診所與術後恢復,"[問題] 台北眼袋手術推薦診所與術後恢復 ＋收藏 分享 看板 facelift 作者 ifeelgood8 (sugar110203) 時間 2年前 發表 (2023/09/06 15:28) , 編輯 推噓 2 ( 2 推 0 噓 7 → ) 留言 9則, 3人 參與 , 2年前 最新 討論串 1/1"
doctor,給晶美陳院長,unknown,,2023-09-06T15:28:00,https://www.pttweb.cc/bbs/facelift/M.1693985291.A.22C,[問題] 台北眼袋手術推薦診所與術後恢復,", 6 F 我是給晶美陳院長做內開眼袋，因為 09/07 21:27 , 6 F → peipeiishere 09/07 21:27,"
clinic,所以想說先在第二間診所,unknown,,2023-08-17T13:50:00,https://www.pttweb.cc/bbs/facelift/M.1692251416.A.5E9,[分享] 台北內開眼袋手術一年後心得,後來跟另一半討論完，我就決定要在婚禮前做好手術，於是開始諮詢眼袋手術。第一間諮 詢，醫師點出我除了要做眼袋手術外，還建議我要抽脂補臉，因為臉比較凹一點，一起做 效果比較好。我聽到很緊張，因為如果還要補脂的話，臉上可能會有一些瘀血，而我又是 容易瘀血又復原很慢的人。第二間諮詢，醫師說我的臉其實沒有很凹，不需要到抽脂補臉 ，眼袋的話，做眼袋內開脂肪移位填補淚溝其實就可以了，如果做完還是覺得整體有疲倦 感，再來評估看要怎麼調整。因為我很擔心恢復期的問題，加上我覺得自己的臉似乎沒有 到一定要補脂，比較棘手的是眼袋的問題，所...
doctor,解診所跟醫生,unknown,,2023-08-17T13:50:00,https://www.pttweb.cc/bbs/facelift/M.1692251416.A.5E9,[分享] 台北內開眼袋手術一年後心得,", 22 F 最近也在研究眼袋手術 想了解診所跟醫生 08/18 23:56 , 22 F → a1552028 08/18 23:57,"
clinic,想了解診所,unknown,,2023-08-17T13:50:00,https://www.pttweb.cc/bbs/facelift/M.1692251416.A.5E9,[分享] 台北內開眼袋手術一年後心得,", 22 F 最近也在研究眼袋手術 想了解診所跟醫生 08/18 23:56 , 22 F → a1552028 08/18 23:57,"
doctor,華尚水蔡醫師,recommended,台北,2023-08-15T14:35:00,https://www.pttweb.cc/bbs/facelift/M.1692081312.A.780,[問題] 不想再遮眼袋 求推薦眼袋手術醫生,"推 anniekook97 08/22 18:40, , 18 F 南部的話推薦文華尚水蔡醫師，做過 08/22 18:40 , 18 F → anniekook97 08/22 18:40, , 19 F 眼袋手術跟淚溝，過程蠻快的不會痛 08/22 18:40 , 19 F → anniekook97 08/22 18:40, , 20 F 苦太久，而且做完一勞永逸～ 08/22 18:40 , 20 F 推 devil8411 08/27 22:24, , 21 F 君X的王X偉，我是做眼袋手術內開跟補 08..."
doctor,但我覺得醫生,recommended,台北,2023-08-15T14:35:00,https://www.pttweb.cc/bbs/facelift/M.1692081312.A.780,[問題] 不想再遮眼袋 求推薦眼袋手術醫生,"推 anniekook97 08/22 18:40, , 18 F 南部的話推薦文華尚水蔡醫師，做過 08/22 18:40 , 18 F → anniekook97 08/22 18:40, , 19 F 眼袋手術跟淚溝，過程蠻快的不會痛 08/22 18:40 , 19 F → anniekook97 08/22 18:40, , 20 F 苦太久，而且做完一勞永逸～ 08/22 18:40 , 20 F 推 devil8411 08/27 22:24, , 21 F 君X的王X偉，我是做眼袋手術內開跟補 08..."
doctor,的傅如鵬醫師,recommended,台北,2023-08-15T14:35:00,https://www.pttweb.cc/bbs/facelift/M.1692081312.A.780,[問題] 不想再遮眼袋 求推薦眼袋手術醫生,"推 anniekook97 08/22 18:40, , 18 F 南部的話推薦文華尚水蔡醫師，做過 08/22 18:40 , 18 F → anniekook97 08/22 18:40, , 19 F 眼袋手術跟淚溝，過程蠻快的不會痛 08/22 18:40 , 19 F → anniekook97 08/22 18:40, , 20 F 苦太久，而且做完一勞永逸～ 08/22 18:40 , 20 F 推 devil8411 08/27 22:24, , 21 F 君X的王X偉，我是做眼袋手術內開跟補 08..."
clinic,台北眼袋手術推薦診所,recommended,台北,2023-08-09T10:17:00,https://www.pttweb.cc/bbs/facelift/M.1691547424.A.598,[問題] 台北眼袋手術推薦診所+醫生,[問題] 台北眼袋手術推薦診所+醫生 - 看板facelift - PTT網頁版
clinic,台北眼袋手術推薦診所,recommended,台北,2023-08-09T10:17:00,https://www.pttweb.cc/bbs/facelift/M.1691547424.A.598,[問題] 台北眼袋手術推薦診所+醫生,"[問題] 台北眼袋手術推薦診所+醫生 ＋收藏 分享 看板 facelift 作者 mahogany (栗子貝貝) 時間 2年前 發表 (2023/08/09 10:17) , 編輯 推噓 9 ( 9 推 0 噓 20 → ) 留言 29則, 10人 參與 , 2年前 最新 討論串 1/1"
doctor,的診所跟醫生,recommended,,2023-08-09T10:17:00,https://www.pttweb.cc/bbs/facelift/M.1691547424.A.598,[問題] 台北眼袋手術推薦診所+醫生,如題，求推薦眼袋手術的診所跟醫生
clinic,求推薦眼袋手術的診所,recommended,,2023-08-09T10:17:00,https://www.pttweb.cc/bbs/facelift/M.1691547424.A.598,[問題] 台北眼袋手術推薦診所+醫生,如題，求推薦眼袋手術的診所跟醫生
doctor,貌似蠻吃醫生,unknown,台北,2023-08-09T10:17:00,https://www.pttweb.cc/bbs/facelift/M.1691547424.A.598,[問題] 台北眼袋手術推薦診所+醫生,有自己爬文過了但也分不清楚是廣告還是真實意見 而且發現眼袋手術貌似蠻吃醫生技術跟個人體質的 所以還是想聽看看網友的真實回饋 麻煩大家給點意見了～ 主要希望在台北市即可 然後品質跟技術當然是最重要的！
doctor,美博的詹院長,recommended,,2023-08-09T10:17:00,https://www.pttweb.cc/bbs/facelift/M.1691547424.A.598,[問題] 台北眼袋手術推薦診所+醫生,", 3 F 推尚水美博的詹院長，我是給他眼袋內 08/09 13:18 , 3 F → magictiger 08/09 13:18,"
doctor,給張容輔醫生,unknown,,2023-08-09T10:17:00,https://www.pttweb.cc/bbs/facelift/M.1691547424.A.598,[問題] 台北眼袋手術推薦診所+醫生,", 7 F 中山的晶華診所給張容輔醫生做眼袋手術 08/09 14:23 , 7 F → linwenoo 08/09 14:24,"
clinic,中山的晶華診所,unknown,,2023-08-09T10:17:00,https://www.pttweb.cc/bbs/facelift/M.1691547424.A.598,[問題] 台北眼袋手術推薦診所+醫生,", 7 F 中山的晶華診所給張容輔醫生做眼袋手術 08/09 14:23 , 7 F → linwenoo 08/09 14:24,"
doctor,確實很吃醫生,unknown,,2023-08-09T10:17:00,https://www.pttweb.cc/bbs/facelift/M.1691547424.A.598,[問題] 台北眼袋手術推薦診所+醫生,", 10 F 眼袋手術確實很吃醫生技術 有的做完會 08/10 09:37 , 10 F → hyuckkimo 08/10 09:38,"
doctor,黃仁吳醫師,unknown,,2023-08-09T10:17:00,https://www.pttweb.cc/bbs/facelift/M.1691547424.A.598,[問題] 台北眼袋手術推薦診所+醫生,", 26 F 給黃仁吳醫師做眼袋手術，做完後一周 08/12 23:39 , 26 F → earlywen310 08/12 23:40,"
clinic,台北下眼袋及中臉拉皮及前額拉皮診所,recommended,台北,2023-07-17T15:54:00,https://www.pttweb.cc/bbs/facelift/M.1689580468.A.B01,[問題] 台北下眼袋及中臉拉皮及前額拉皮診所推薦,[問題] 台北下眼袋及中臉拉皮及前額拉皮診所推薦 - 看板facelift - PTT網頁版
clinic,台北下眼袋及中臉拉皮及前額拉皮診所,recommended,台北,2023-07-17T15:54:00,https://www.pttweb.cc/bbs/facelift/M.1689580468.A.B01,[問題] 台北下眼袋及中臉拉皮及前額拉皮診所推薦,"[問題] 台北下眼袋及中臉拉皮及前額拉皮診所推薦 ＋收藏 分享 看板 facelift 作者 wenhu (30而立.40而不惑) 時間 2年前 發表 (2023/07/17 15:54) , 編輯 推噓 8 ( 8 推 0 噓 16 → ) 留言 24則, 9人 參與 , 2年前 最新 討論串 1/1"
doctor,的楊國輝醫師,unknown,台中,2023-07-17T15:54:00,https://www.pttweb.cc/bbs/facelift/M.1689580468.A.B01,[問題] 台北下眼袋及中臉拉皮及前額拉皮診所推薦,日前有去台中找新聖的楊國輝醫師諮詢過， 他是建議我一併施作『下眼袋手術＋中臉部迷你拉皮＋內視鏡前額拉皮』。
doctor,皮都給風x林醫師,unknown,,2023-07-17T15:54:00,https://www.pttweb.cc/bbs/facelift/M.1689580468.A.B01,[問題] 台北下眼袋及中臉拉皮及前額拉皮診所推薦,", 7 F 我的眼袋跟前額拉皮都給風x林醫師 07/19 16:53 , 7 F → coincidence7 07/19 16:53,"
doctor,很兩極的醫師,recommended,台北,2023-05-26T19:20:00,https://www.pttweb.cc/bbs/facelift/M.1685100009.A.6A2,[問題] 求推薦台南眼袋醫師,", 25 F https://i.imgur.com/dZNCWEk.jpeg 05/29 09:47 , 25 F 推 zyli 06/09 15:12, , 26 F 眼袋版上很多很兩極的醫師超怕，所以最後很 06/09 15:12 , 26 F → zyli 06/09 15:12, , 27 F 認真諮詢很多間，後來選擇非凡X水的蔡醫師做 06/09 15:12 , 27 F → zyli 06/09 15:12, , 28 F 過眼袋手術+淚溝回填，做完的確沒有眼袋了， 06/09 15:12 , 28 ..."
doctor,水的蔡醫師,recommended,台北,2023-05-26T19:20:00,https://www.pttweb.cc/bbs/facelift/M.1685100009.A.6A2,[問題] 求推薦台南眼袋醫師,", 25 F https://i.imgur.com/dZNCWEk.jpeg 05/29 09:47 , 25 F 推 zyli 06/09 15:12, , 26 F 眼袋版上很多很兩極的醫師超怕，所以最後很 06/09 15:12 , 26 F → zyli 06/09 15:12, , 27 F 認真諮詢很多間，後來選擇非凡X水的蔡醫師做 06/09 15:12 , 27 F → zyli 06/09 15:12, , 28 F 過眼袋手術+淚溝回填，做完的確沒有眼袋了， 06/09 15:12 , 28 ..."
doctor,但是很吃醫師,recommended,台北,2023-05-26T19:20:00,https://www.pttweb.cc/bbs/facelift/M.1685100009.A.6A2,[問題] 求推薦台南眼袋醫師,", 25 F https://i.imgur.com/dZNCWEk.jpeg 05/29 09:47 , 25 F 推 zyli 06/09 15:12, , 26 F 眼袋版上很多很兩極的醫師超怕，所以最後很 06/09 15:12 , 26 F → zyli 06/09 15:12, , 27 F 認真諮詢很多間，後來選擇非凡X水的蔡醫師做 06/09 15:12 , 27 F → zyli 06/09 15:12, , 28 F 過眼袋手術+淚溝回填，做完的確沒有眼袋了， 06/09 15:12 , 28 ..."
doctor,的診所和醫生,unknown,台北,2023-03-15T16:50:00,https://www.pttweb.cc/bbs/facelift/M.1678870258.A.355,[推薦] 眼袋手術推薦(桃園),近期爬了不少文，發現大多是台北、新竹或是高雄的分享文，想請教版上的帥哥美女們， 有沒有親身做過眼袋手術，不論內外開，然後覺得很不錯的診所和醫生...麻煩大家~先謝 謝各位！
clinic,然後覺得很不錯的診所,unknown,台北,2023-03-15T16:50:00,https://www.pttweb.cc/bbs/facelift/M.1678870258.A.355,[推薦] 眼袋手術推薦(桃園),近期爬了不少文，發現大多是台北、新竹或是高雄的分享文，想請教版上的帥哥美女們， 有沒有親身做過眼袋手術，不論內外開，然後覺得很不錯的診所和醫生...麻煩大家~先謝 謝各位！
doctor,家有名的醫師,unknown,,2022-12-21T23:02:00,https://www.pttweb.cc/bbs/facelift/M.1671634979.A.247,[問題] 台北眼袋內開+眼下修皮推薦,一直以來深受眼袋跟黑眼圈的困擾， 拍照跟笑起來常常看起來超沒精神超累， 最近終於下定決心想做手術，爬了很多文， 也諮詢了幾家有名的醫師， 其中有一家醫師建議我也一起眼下修皮， 但案例真的很少，又很怕留疤太明顯， （該診所諮詢師提供的照片都超明顯 ）
doctor,中有一家醫師,unknown,,2022-12-21T23:02:00,https://www.pttweb.cc/bbs/facelift/M.1671634979.A.247,[問題] 台北眼袋內開+眼下修皮推薦,一直以來深受眼袋跟黑眼圈的困擾， 拍照跟笑起來常常看起來超沒精神超累， 最近終於下定決心想做手術，爬了很多文， 也諮詢了幾家有名的醫師， 其中有一家醫師建議我也一起眼下修皮， 但案例真的很少，又很怕留疤太明顯， （該診所諮詢師提供的照片都超明顯 ）
clinic,又很怕留疤太明顯， （該診所諮詢師提供的照片,unknown,,2022-12-21T23:02:00,https://www.pttweb.cc/bbs/facelift/M.1671634979.A.247,[問題] 台北眼袋內開+眼下修皮推薦,一直以來深受眼袋跟黑眼圈的困擾， 拍照跟笑起來常常看起來超沒精神超累， 最近終於下定決心想做手術，爬了很多文， 也諮詢了幾家有名的醫師， 其中有一家醫師建議我也一起眼下修皮， 但案例真的很少，又很怕留疤太明顯， （該診所諮詢師提供的照片都超明顯 ）
doctor,找陳承謙醫生,unknown,,2022-12-21T23:02:00,https://www.pttweb.cc/bbs/facelift/M.1671634979.A.247,[問題] 台北眼袋內開+眼下修皮推薦,", 14 F 眼袋內開+蘋果肌自體補脂肪找陳承謙醫生 12/25 06:13 , 14 F → hhyyss 12/25 06:13,"
clinic,或推薦其他台北眼袋內開診所,recommended,台北,2022-11-01T11:47:00,https://www.pttweb.cc/bbs/facelift/M.1667274446.A.57D,[問題] 有人給林敬鈞醫師做過眼袋內開嗎？,或推薦其他台北眼袋內開診所&醫師 目前知道不錯的有： 新聖 蕭醫師 凡登 馮醫師 儷人 鍾醫師
doctor,眼袋手術醫師,unknown,台北,2022-08-25T17:22:00,https://www.pttweb.cc/bbs/facelift/M.1661419339.A.F29,[問題] 眼袋手術醫師選擇/台北,[問題] 眼袋手術醫師選擇/台北 - 看板facelift - PTT網頁版
doctor,眼袋手術醫師,recommended,台北,2022-08-25T17:22:00,https://www.pttweb.cc/bbs/facelift/M.1661419339.A.F29,[問題] 眼袋手術醫師選擇/台北,"[問題] 眼袋手術醫師選擇/台北 ＋收藏 分享 看板 facelift 作者 weguin (如果時間來到) 時間 3年前 發表 (2022/08/25 17:22) , 編輯 推噓 6 ( 6 推 0 噓 11 → ) 留言 17則, 7人 參與 , 最新 討論串 1/1"
doctor,結果醫師,unknown,,2022-08-25T17:22:00,https://www.pttweb.cc/bbs/facelift/M.1661419339.A.F29,[問題] 眼袋手術醫師選擇/台北,"近期又去了米蘭時尚診所諮詢玻尿酸打淚溝， 結果醫師和諮詢師雙方的講法不太一樣， 給我感覺沒有很好， 加上價錢也怪怪的....(不同廠牌的玻尿酸竟然都一樣價錢) 但醫生有提到我的問題不是淚溝而是眼袋, 所以我又開始搜尋眼袋手術"
clinic,近期又去了米蘭時尚診所,unknown,,2022-08-25T17:22:00,https://www.pttweb.cc/bbs/facelift/M.1661419339.A.F29,[問題] 眼袋手術醫師選擇/台北,"近期又去了米蘭時尚診所諮詢玻尿酸打淚溝， 結果醫師和諮詢師雙方的講法不太一樣， 給我感覺沒有很好， 加上價錢也怪怪的....(不同廠牌的玻尿酸竟然都一樣價錢) 但醫生有提到我的問題不是淚溝而是眼袋, 所以我又開始搜尋眼袋手術"
doctor,緻醫美杜醫師,recommended,,2022-08-25T17:22:00,https://www.pttweb.cc/bbs/facelift/M.1661419339.A.F29,[問題] 眼袋手術醫師選擇/台北,"推 yannnnni520 08/30 11:59, , 1 F 我是給極緻醫美杜醫師處理眼袋,還有 08/30 11:59 , 1 F → yannnnni520 08/30 12:00, , 2 F 蘋果肌,開完眼下很順現在一年多了 08/30 12:00 , 2 F → yannnnni520 08/30 12:00, , 3 F 諮詢完到手術等一個月左右 08/30 12:00 , 3 F → official1 08/31 22:36, , 4 F 建議你找整外或眼科專科醫生動刀，比 08/31 22:3..."
doctor,眼科專科醫生,recommended,,2022-08-25T17:22:00,https://www.pttweb.cc/bbs/facelift/M.1661419339.A.F29,[問題] 眼袋手術醫師選擇/台北,"推 yannnnni520 08/30 11:59, , 1 F 我是給極緻醫美杜醫師處理眼袋,還有 08/30 11:59 , 1 F → yannnnni520 08/30 12:00, , 2 F 蘋果肌,開完眼下很順現在一年多了 08/30 12:00 , 2 F → yannnnni520 08/30 12:00, , 3 F 諮詢完到手術等一個月左右 08/30 12:00 , 3 F → official1 08/31 22:36, , 4 F 建議你找整外或眼科專科醫生動刀，比 08/31 22:3..."
doctor,給蕭奕君醫生,recommended,,2022-08-25T17:22:00,https://www.pttweb.cc/bbs/facelift/M.1661419339.A.F29,[問題] 眼袋手術醫師選擇/台北,"推 yannnnni520 08/30 11:59, , 1 F 我是給極緻醫美杜醫師處理眼袋,還有 08/30 11:59 , 1 F → yannnnni520 08/30 12:00, , 2 F 蘋果肌,開完眼下很順現在一年多了 08/30 12:00 , 2 F → yannnnni520 08/30 12:00, , 3 F 諮詢完到手術等一個月左右 08/30 12:00 , 3 F → official1 08/31 22:36, , 4 F 建議你找整外或眼科專科醫生動刀，比 08/31 22:3..."
doctor,黃仁吳醫師,recommended,,2022-08-25T17:22:00,https://www.pttweb.cc/bbs/facelift/M.1661419339.A.F29,[問題] 眼袋手術醫師選擇/台北,"推 yannnnni520 08/30 11:59, , 1 F 我是給極緻醫美杜醫師處理眼袋,還有 08/30 11:59 , 1 F → yannnnni520 08/30 12:00, , 2 F 蘋果肌,開完眼下很順現在一年多了 08/30 12:00 , 2 F → yannnnni520 08/30 12:00, , 3 F 諮詢完到手術等一個月左右 08/30 12:00 , 3 F → official1 08/31 22:36, , 4 F 建議你找整外或眼科專科醫生動刀，比 08/31 22:3..."
clinic,我是給極緻醫美,recommended,,2022-08-25T17:22:00,https://www.pttweb.cc/bbs/facelift/M.1661419339.A.F29,[問題] 眼袋手術醫師選擇/台北,"推 yannnnni520 08/30 11:59, , 1 F 我是給極緻醫美杜醫師處理眼袋,還有 08/30 11:59 , 1 F → yannnnni520 08/30 12:00, , 2 F 蘋果肌,開完眼下很順現在一年多了 08/30 12:00 , 2 F → yannnnni520 08/30 12:00, , 3 F 諮詢完到手術等一個月左右 08/30 12:00 , 3 F → official1 08/31 22:36, , 4 F 建議你找整外或眼科專科醫生動刀，比 08/31 22:3..."
doctor,美診所及醫生,recommended,,2022-08-09T20:11:00,https://www.pttweb.cc/bbs/facelift/M.1660047112.A.16E,[問題] 求推薦桃園或台北專業打淚溝玻尿酸,醫美小白 想打淚溝 怕針，也怕有毛毛蟲副作用…. 求有經驗的帥哥美女推薦醫美診所及醫生 另外想問哪一種玻尿酸最推薦 謝謝
clinic,求有經驗的帥哥美女推薦醫美診所,recommended,,2022-08-09T20:11:00,https://www.pttweb.cc/bbs/facelift/M.1660047112.A.16E,[問題] 求推薦桃園或台北專業打淚溝玻尿酸,醫美小白 想打淚溝 怕針，也怕有毛毛蟲副作用…. 求有經驗的帥哥美女推薦醫美診所及醫生 另外想問哪一種玻尿酸最推薦 謝謝
doctor,給信任的醫生,recommended,,2022-08-09T20:11:00,https://www.pttweb.cc/bbs/facelift/M.1660047112.A.16E,[問題] 求推薦桃園或台北專業打淚溝玻尿酸,", 11 F 在粹究打過，介意沒有當面開瓶確認， 08/12 21:21 , 11 F 推 alawevers 08/23 23:54, , 12 F 淚溝不好打，我自己只敢給信任的醫生 08/23 23:54 , 12 F → alawevers 08/23 23:55, , 13 F 做。推薦你可以找君綺的張立平醫生做 08/23 23:55 , 13 F → alawevers 08/23 23:55, , 14 F ，我給他打淚溝都是很安心很放心的。 08/23 23:55 , 14 F ‣ 返回看板 [ ..."
doctor,的張立平醫生,recommended,,2022-08-09T20:11:00,https://www.pttweb.cc/bbs/facelift/M.1660047112.A.16E,[問題] 求推薦桃園或台北專業打淚溝玻尿酸,", 11 F 在粹究打過，介意沒有當面開瓶確認， 08/12 21:21 , 11 F 推 alawevers 08/23 23:54, , 12 F 淚溝不好打，我自己只敢給信任的醫生 08/23 23:54 , 12 F → alawevers 08/23 23:55, , 13 F 做。推薦你可以找君綺的張立平醫生做 08/23 23:55 , 13 F → alawevers 08/23 23:55, , 14 F ，我給他打淚溝都是很安心很放心的。 08/23 23:55 , 14 F ‣ 返回看板 [ ..."
doctor,想問醫生,recommended,,2022-05-16T17:13:00,https://www.pttweb.cc/bbs/facelift/M.1652692397.A.89F,[分享] 再見了我的眼袋 台北眼袋內開分享,", 39 F 想問醫生及價格！謝謝～ 05/17 11:56 , 39 F 向下載入更多 還有 140 則推文 載入全部 向上載入更多 推 ApriLW 07/16 00:51, , 180 F 想請問醫生及價格～謝謝 07/16 00:51 , 180 F 推 dogypoo 07/19 01:29, , 181 F 請問醫生及費用，謝謝！ 07/19 01:29 , 181 F 推 amyxxx 07/19 05:31, , 182 F 想詢問醫生跟價格謝謝 07/19 05:31 , 182 F 推 Gros..."
doctor,想請問醫生,recommended,,2022-05-16T17:13:00,https://www.pttweb.cc/bbs/facelift/M.1652692397.A.89F,[分享] 再見了我的眼袋 台北眼袋內開分享,", 39 F 想問醫生及價格！謝謝～ 05/17 11:56 , 39 F 向下載入更多 還有 140 則推文 載入全部 向上載入更多 推 ApriLW 07/16 00:51, , 180 F 想請問醫生及價格～謝謝 07/16 00:51 , 180 F 推 dogypoo 07/19 01:29, , 181 F 請問醫生及費用，謝謝！ 07/19 01:29 , 181 F 推 amyxxx 07/19 05:31, , 182 F 想詢問醫生跟價格謝謝 07/19 05:31 , 182 F 推 Gros..."
doctor,請問醫生,recommended,,2022-05-16T17:13:00,https://www.pttweb.cc/bbs/facelift/M.1652692397.A.89F,[分享] 再見了我的眼袋 台北眼袋內開分享,", 39 F 想問醫生及價格！謝謝～ 05/17 11:56 , 39 F 向下載入更多 還有 140 則推文 載入全部 向上載入更多 推 ApriLW 07/16 00:51, , 180 F 想請問醫生及價格～謝謝 07/16 00:51 , 180 F 推 dogypoo 07/19 01:29, , 181 F 請問醫生及費用，謝謝！ 07/19 01:29 , 181 F 推 amyxxx 07/19 05:31, , 182 F 想詢問醫生跟價格謝謝 07/19 05:31 , 182 F 推 Gros..."
doctor,想詢問醫生,recommended,,2022-05-16T17:13:00,https://www.pttweb.cc/bbs/facelift/M.1652692397.A.89F,[分享] 再見了我的眼袋 台北眼袋內開分享,", 39 F 想問醫生及價格！謝謝～ 05/17 11:56 , 39 F 向下載入更多 還有 140 則推文 載入全部 向上載入更多 推 ApriLW 07/16 00:51, , 180 F 想請問醫生及價格～謝謝 07/16 00:51 , 180 F 推 dogypoo 07/19 01:29, , 181 F 請問醫生及費用，謝謝！ 07/19 01:29 , 181 F 推 amyxxx 07/19 05:31, , 182 F 想詢問醫生跟價格謝謝 07/19 05:31 , 182 F 推 Gros..."
doctor,請問醫師,recommended,,2022-05-16T17:13:00,https://www.pttweb.cc/bbs/facelift/M.1652692397.A.89F,[分享] 再見了我的眼袋 台北眼袋內開分享,", 39 F 想問醫生及價格！謝謝～ 05/17 11:56 , 39 F 向下載入更多 還有 140 則推文 載入全部 向上載入更多 推 ApriLW 07/16 00:51, , 180 F 想請問醫生及價格～謝謝 07/16 00:51 , 180 F 推 dogypoo 07/19 01:29, , 181 F 請問醫生及費用，謝謝！ 07/19 01:29 , 181 F 推 amyxxx 07/19 05:31, , 182 F 想詢問醫生跟價格謝謝 07/19 05:31 , 182 F 推 Gros..."
doctor,想問醫師,recommended,,2022-05-16T17:13:00,https://www.pttweb.cc/bbs/facelift/M.1652692397.A.89F,[分享] 再見了我的眼袋 台北眼袋內開分享,", 39 F 想問醫生及價格！謝謝～ 05/17 11:56 , 39 F 向下載入更多 還有 140 則推文 載入全部 向上載入更多 推 ApriLW 07/16 00:51, , 180 F 想請問醫生及價格～謝謝 07/16 00:51 , 180 F 推 dogypoo 07/19 01:29, , 181 F 請問醫生及費用，謝謝！ 07/19 01:29 , 181 F 推 amyxxx 07/19 05:31, , 182 F 想詢問醫生跟價格謝謝 07/19 05:31 , 182 F 推 Gros..."
doctor,想請問醫師,recommended,,2022-05-16T17:13:00,https://www.pttweb.cc/bbs/facelift/M.1652692397.A.89F,[分享] 再見了我的眼袋 台北眼袋內開分享,", 39 F 想問醫生及價格！謝謝～ 05/17 11:56 , 39 F 向下載入更多 還有 140 則推文 載入全部 向上載入更多 推 ApriLW 07/16 00:51, , 180 F 想請問醫生及價格～謝謝 07/16 00:51 , 180 F 推 dogypoo 07/19 01:29, , 181 F 請問醫生及費用，謝謝！ 07/19 01:29 , 181 F 推 amyxxx 07/19 05:31, , 182 F 想詢問醫生跟價格謝謝 07/19 05:31 , 182 F 推 Gros..."
doctor,現在問醫生,recommended,,2022-05-16T17:13:00,https://www.pttweb.cc/bbs/facelift/M.1652692397.A.89F,[分享] 再見了我的眼袋 台北眼袋內開分享,", 39 F 想問醫生及價格！謝謝～ 05/17 11:56 , 39 F 向下載入更多 還有 140 則推文 載入全部 向上載入更多 推 ApriLW 07/16 00:51, , 180 F 想請問醫生及價格～謝謝 07/16 00:51 , 180 F 推 dogypoo 07/19 01:29, , 181 F 請問醫生及費用，謝謝！ 07/19 01:29 , 181 F 推 amyxxx 07/19 05:31, , 182 F 想詢問醫生跟價格謝謝 07/19 05:31 , 182 F 推 Gros..."
doctor,也想問醫師,recommended,,2022-05-16T17:13:00,https://www.pttweb.cc/bbs/facelift/M.1652692397.A.89F,[分享] 再見了我的眼袋 台北眼袋內開分享,", 39 F 想問醫生及價格！謝謝～ 05/17 11:56 , 39 F 向下載入更多 還有 140 則推文 載入全部 向上載入更多 推 ApriLW 07/16 00:51, , 180 F 想請問醫生及價格～謝謝 07/16 00:51 , 180 F 推 dogypoo 07/19 01:29, , 181 F 請問醫生及費用，謝謝！ 07/19 01:29 , 181 F 推 amyxxx 07/19 05:31, , 182 F 想詢問醫生跟價格謝謝 07/19 05:31 , 182 F 推 Gros..."
doctor,跟診所及醫師,recommended,,2022-05-16T17:13:00,https://www.pttweb.cc/bbs/facelift/M.1652692397.A.89F,[分享] 再見了我的眼袋 台北眼袋內開分享,", 39 F 想問醫生及價格！謝謝～ 05/17 11:56 , 39 F 向下載入更多 還有 140 則推文 載入全部 向上載入更多 推 ApriLW 07/16 00:51, , 180 F 想請問醫生及價格～謝謝 07/16 00:51 , 180 F 推 dogypoo 07/19 01:29, , 181 F 請問醫生及費用，謝謝！ 07/19 01:29 , 181 F 推 amyxxx 07/19 05:31, , 182 F 想詢問醫生跟價格謝謝 07/19 05:31 , 182 F 推 Gros..."
doctor,請問診所醫生,recommended,,2022-05-16T17:13:00,https://www.pttweb.cc/bbs/facelift/M.1652692397.A.89F,[分享] 再見了我的眼袋 台北眼袋內開分享,", 39 F 想問醫生及價格！謝謝～ 05/17 11:56 , 39 F 向下載入更多 還有 140 則推文 載入全部 向上載入更多 推 ApriLW 07/16 00:51, , 180 F 想請問醫生及價格～謝謝 07/16 00:51 , 180 F 推 dogypoo 07/19 01:29, , 181 F 請問醫生及費用，謝謝！ 07/19 01:29 , 181 F 推 amyxxx 07/19 05:31, , 182 F 想詢問醫生跟價格謝謝 07/19 05:31 , 182 F 推 Gros..."
doctor,詢問診所醫生,recommended,,2022-05-16T17:13:00,https://www.pttweb.cc/bbs/facelift/M.1652692397.A.89F,[分享] 再見了我的眼袋 台北眼袋內開分享,", 39 F 想問醫生及價格！謝謝～ 05/17 11:56 , 39 F 向下載入更多 還有 140 則推文 載入全部 向上載入更多 推 ApriLW 07/16 00:51, , 180 F 想請問醫生及價格～謝謝 07/16 00:51 , 180 F 推 dogypoo 07/19 01:29, , 181 F 請問醫生及費用，謝謝！ 07/19 01:29 , 181 F 推 amyxxx 07/19 05:31, , 182 F 想詢問醫生跟價格謝謝 07/19 05:31 , 182 F 推 Gros..."
doctor,想知道醫生,recommended,,2022-05-16T17:13:00,https://www.pttweb.cc/bbs/facelift/M.1652692397.A.89F,[分享] 再見了我的眼袋 台北眼袋內開分享,", 39 F 想問醫生及價格！謝謝～ 05/17 11:56 , 39 F 向下載入更多 還有 140 則推文 載入全部 向上載入更多 推 ApriLW 07/16 00:51, , 180 F 想請問醫生及價格～謝謝 07/16 00:51 , 180 F 推 dogypoo 07/19 01:29, , 181 F 請問醫生及費用，謝謝！ 07/19 01:29 , 181 F 推 amyxxx 07/19 05:31, , 182 F 想詢問醫生跟價格謝謝 07/19 05:31 , 182 F 推 Gros..."
clinic,請問醫師,recommended,,2022-05-16T17:13:00,https://www.pttweb.cc/bbs/facelift/M.1652692397.A.89F,[分享] 再見了我的眼袋 台北眼袋內開分享,", 39 F 想問醫生及價格！謝謝～ 05/17 11:56 , 39 F 向下載入更多 還有 140 則推文 載入全部 向上載入更多 推 ApriLW 07/16 00:51, , 180 F 想請問醫生及價格～謝謝 07/16 00:51 , 180 F 推 dogypoo 07/19 01:29, , 181 F 請問醫生及費用，謝謝！ 07/19 01:29 , 181 F 推 amyxxx 07/19 05:31, , 182 F 想詢問醫生跟價格謝謝 07/19 05:31 , 182 F 推 Gros..."
clinic,請問診所,recommended,,2022-05-16T17:13:00,https://www.pttweb.cc/bbs/facelift/M.1652692397.A.89F,[分享] 再見了我的眼袋 台北眼袋內開分享,", 39 F 想問醫生及價格！謝謝～ 05/17 11:56 , 39 F 向下載入更多 還有 140 則推文 載入全部 向上載入更多 推 ApriLW 07/16 00:51, , 180 F 想請問醫生及價格～謝謝 07/16 00:51 , 180 F 推 dogypoo 07/19 01:29, , 181 F 請問醫生及費用，謝謝！ 07/19 01:29 , 181 F 推 amyxxx 07/19 05:31, , 182 F 想詢問醫生跟價格謝謝 07/19 05:31 , 182 F 推 Gros..."
clinic,現在問醫生,recommended,,2022-05-16T17:13:00,https://www.pttweb.cc/bbs/facelift/M.1652692397.A.89F,[分享] 再見了我的眼袋 台北眼袋內開分享,", 39 F 想問醫生及價格！謝謝～ 05/17 11:56 , 39 F 向下載入更多 還有 140 則推文 載入全部 向上載入更多 推 ApriLW 07/16 00:51, , 180 F 想請問醫生及價格～謝謝 07/16 00:51 , 180 F 推 dogypoo 07/19 01:29, , 181 F 請問醫生及費用，謝謝！ 07/19 01:29 , 181 F 推 amyxxx 07/19 05:31, , 182 F 想詢問醫生跟價格謝謝 07/19 05:31 , 182 F 推 Gros..."
clinic,價錢及診所,recommended,,2022-05-16T17:13:00,https://www.pttweb.cc/bbs/facelift/M.1652692397.A.89F,[分享] 再見了我的眼袋 台北眼袋內開分享,", 39 F 想問醫生及價格！謝謝～ 05/17 11:56 , 39 F 向下載入更多 還有 140 則推文 載入全部 向上載入更多 推 ApriLW 07/16 00:51, , 180 F 想請問醫生及價格～謝謝 07/16 00:51 , 180 F 推 dogypoo 07/19 01:29, , 181 F 請問醫生及費用，謝謝！ 07/19 01:29 , 181 F 推 amyxxx 07/19 05:31, , 182 F 想詢問醫生跟價格謝謝 07/19 05:31 , 182 F 推 Gros..."
clinic,想詢問割眼袋價錢跟診所,recommended,,2022-05-16T17:13:00,https://www.pttweb.cc/bbs/facelift/M.1652692397.A.89F,[分享] 再見了我的眼袋 台北眼袋內開分享,", 39 F 想問醫生及價格！謝謝～ 05/17 11:56 , 39 F 向下載入更多 還有 140 則推文 載入全部 向上載入更多 推 ApriLW 07/16 00:51, , 180 F 想請問醫生及價格～謝謝 07/16 00:51 , 180 F 推 dogypoo 07/19 01:29, , 181 F 請問醫生及費用，謝謝！ 07/19 01:29 , 181 F 推 amyxxx 07/19 05:31, , 182 F 想詢問醫生跟價格謝謝 07/19 05:31 , 182 F 推 Gros..."
clinic,想請問醫師,recommended,,2022-05-16T17:13:00,https://www.pttweb.cc/bbs/facelift/M.1652692397.A.89F,[分享] 再見了我的眼袋 台北眼袋內開分享,", 39 F 想問醫生及價格！謝謝～ 05/17 11:56 , 39 F 向下載入更多 還有 140 則推文 載入全部 向上載入更多 推 ApriLW 07/16 00:51, , 180 F 想請問醫生及價格～謝謝 07/16 00:51 , 180 F 推 dogypoo 07/19 01:29, , 181 F 請問醫生及費用，謝謝！ 07/19 01:29 , 181 F 推 amyxxx 07/19 05:31, , 182 F 想詢問醫生跟價格謝謝 07/19 05:31 , 182 F 推 Gros..."
clinic,想詢問診所,recommended,,2022-05-16T17:13:00,https://www.pttweb.cc/bbs/facelift/M.1652692397.A.89F,[分享] 再見了我的眼袋 台北眼袋內開分享,", 39 F 想問醫生及價格！謝謝～ 05/17 11:56 , 39 F 向下載入更多 還有 140 則推文 載入全部 向上載入更多 推 ApriLW 07/16 00:51, , 180 F 想請問醫生及價格～謝謝 07/16 00:51 , 180 F 推 dogypoo 07/19 01:29, , 181 F 請問醫生及費用，謝謝！ 07/19 01:29 , 181 F 推 amyxxx 07/19 05:31, , 182 F 想詢問醫生跟價格謝謝 07/19 05:31 , 182 F 推 Gros..."
doctor,推薦哪位醫師,recommended,台北,2022-05-01T19:40:00,https://www.pttweb.cc/bbs/facelift/M.1651405224.A.6D9,[問題] 準新娘想去做眼袋手術,大家好，想詢問板上做過眼袋手術的前輩有沒有推薦哪位醫師以及選擇哪種手術，我是今 年5月底要拍婚紗，7月中要準備結婚的準新娘，住在台北。
doctor,淚溝手術醫師,recommended,台北,2022-04-10T11:09:00,https://www.pttweb.cc/bbs/facelift/M.1649560185.A.83F,[問題] 台北眼袋淚溝手術醫師求推薦已刪文,[問題] 台北眼袋淚溝手術醫師求推薦 - 看板facelift - PTT網頁版
doctor,淚溝手術醫師,recommended,台北,2022-04-10T11:09:00,https://www.pttweb.cc/bbs/facelift/M.1649560185.A.83F,[問題] 台北眼袋淚溝手術醫師求推薦已刪文,"[問題] 台北眼袋淚溝手術醫師求推薦 已刪文 ＋收藏 分享 看板 facelift 作者 Ancl77 (莞晴) 時間 4年前 發表 (2022/04/10 11:09) , 4年前 編輯 推噓 18 ( 18 推 0 噓 19 → ) 留言 37則, 19人 參與 , 4年前 最新 討論串 1/1"
doctor,一下其他醫師,recommended,,2022-04-10T11:09:00,https://www.pttweb.cc/bbs/facelift/M.1649560185.A.83F,[問題] 台北眼袋淚溝手術醫師求推薦已刪文,預計做眼袋內開+自體脂肪補淚溝蘋果肌 目前問到的一家加舒眠麻醉有點小爆預算(XX萬） 想改局麻但聽說很不舒服 請問做過局麻的人真的覺得很難受嗎？ 想請大家推薦一下其他醫師診所，費用若方便希望能留言或站內 信給我參考，萬分感謝！
clinic,一下其他醫師,recommended,,2022-04-10T11:09:00,https://www.pttweb.cc/bbs/facelift/M.1649560185.A.83F,[問題] 台北眼袋淚溝手術醫師求推薦已刪文,預計做眼袋內開+自體脂肪補淚溝蘋果肌 目前問到的一家加舒眠麻醉有點小爆預算(XX萬） 想改局麻但聽說很不舒服 請問做過局麻的人真的覺得很難受嗎？ 想請大家推薦一下其他醫師診所，費用若方便希望能留言或站內 信給我參考，萬分感謝！
doctor,給楊院長,unknown,,2022-04-10T11:09:00,https://www.pttweb.cc/bbs/facelift/M.1649560185.A.83F,[問題] 台北眼袋淚溝手術醫師求推薦已刪文,", 13 F 我在晶漾101skin給楊院長做 眼袋+補脂5 04/11 00:15 , 13 F → bybyyuyu 04/11 00:15,"
doctor,在如一蕭醫師,recommended,,2022-04-10T11:09:00,https://www.pttweb.cc/bbs/facelift/M.1649560185.A.83F,[問題] 台北眼袋淚溝手術醫師求推薦已刪文,", 20 F 去年在如一蕭醫師7w內開補脂蘋果肌 04/11 15:21 , 20 F 推 HappyBitter 04/11 19:28,"
doctor,預約了楊醫生,unknown,,2022-03-29T16:10:00,https://www.pttweb.cc/bbs/facelift/M.1648541415.A.A95,[心得] 台北內開眼袋+自體脂肪補淚溝,爬了好久的文，今年過年終於提起勇氣，預約了楊醫生想朝聖大名鼎鼎的三明治 好不容易排到約診當天，護理師諮詢直接跟我說這是眼袋導致的淚溝，我第一次知道原來我有眼袋.... 如果不改善眼袋(手術)，那透過微整注射能改善的淚溝效果有限(可能只有八成)，而且因為我缺乏蘋果肌，建議還要兩邊各多補一支把地基建好
doctor,雖然醫生,recommended,,2022-03-29T16:10:00,https://www.pttweb.cc/bbs/facelift/M.1648541415.A.A95,[心得] 台北內開眼袋+自體脂肪補淚溝,蔡醫師人很好～很有耐性也很專業 對於我的各種提問都能很精準的給我答覆 最後討論是內開眼袋+自體脂肪補淚溝+蘋果肌 到3/2做手術當天 術前我聽周邊的人說，眼袋內開小手術根本沒感覺，局部麻醉就好 但手術當下真的度秒如年.....雖然醫生護理師一直在跟我聊天轉移我的注意力，各種安撫鼓勵我，手起刀落一個小時不到就搞定 我還是一直在想為啥要花錢受這個罪...(苦笑) 就不描述惡夢般的當下
clinic,手術資訊如下 診所：粹究美學 醫師,unknown,,2022-03-29T16:10:00,https://www.pttweb.cc/bbs/facelift/M.1648541415.A.A95,[心得] 台北內開眼袋+自體脂肪補淚溝,手術資訊如下 診所：粹究美學 醫師：蔡昀達 費用：眼袋4+淚溝蘋果肌3=7
doctor,美學給蔡醫師,unknown,,2022-03-29T16:10:00,https://www.pttweb.cc/bbs/facelift/M.1648541415.A.A95,[心得] 台北內開眼袋+自體脂肪補淚溝,", 10 F 我也是在粹究美學給蔡醫師做眼袋+ 03/30 15:57 , 10 F → LionHeart824 03/30 16:10,"
doctor,眼袋醫師,unknown,台北,2022-03-26T17:41:00,https://www.pttweb.cc/bbs/facelift/M.1648287684.A.B43,[建議] 台北全臉補脂+眼袋醫師（有選手）,[建議] 台北全臉補脂+眼袋醫師（有選手） - 看板facelift - PTT網頁版
doctor,眼袋醫師,recommended,台北,2022-03-26T17:41:00,https://www.pttweb.cc/bbs/facelift/M.1648287684.A.B43,[建議] 台北全臉補脂+眼袋醫師（有選手）,"[建議] 台北全臉補脂+眼袋醫師（有選手） ＋收藏 分享 看板 facelift 作者 viwa (YA!!) 時間 4年前 發表 (2022/03/26 17:41) , 4年前 編輯 推噓 25 ( 25 推 0 噓 28 → ) 留言 53則, 27人 參與 , 4年前 最新 討論串 1/1"
doctor,割眼袋的醫師,unknown,台北,2022-03-26T17:41:00,https://www.pttweb.cc/bbs/facelift/M.1648287684.A.B43,[建議] 台北全臉補脂+眼袋醫師（有選手）,想要到台北找全臉補脂 順便加割眼袋的醫師。
doctor,都不錯的醫師,unknown,,2022-03-26T17:41:00,https://www.pttweb.cc/bbs/facelift/M.1648287684.A.B43,[建議] 台北全臉補脂+眼袋醫師（有選手）,"（有的專精眼袋/有的抽脂,所以選擇困難，想要找兩個都不錯的醫師）"
doctor,的費用和醫師,unknown,,2022-03-26T17:41:00,https://www.pttweb.cc/bbs/facelift/M.1648287684.A.B43,[建議] 台北全臉補脂+眼袋醫師（有選手）,", 20 F 有人可以分享全臉補脂的費用和醫師嗎 03/27 19:23 , 20 F → vic5710789 03/27 19:23,"
doctor,我是給李醫師,recommended,,2022-03-26T17:41:00,https://www.pttweb.cc/bbs/facelift/M.1648287684.A.B43,[建議] 台北全臉補脂+眼袋醫師（有選手）,", 34 F 我是給李醫師做威萃補脂,還蠻滿意的 03/28 16:41 , 34 F → yukieyu 03/28 16:51,"
doctor,極緻杜醫師,recommended,,2022-03-26T17:41:00,https://www.pttweb.cc/bbs/facelift/M.1648287684.A.B43,[建議] 台北全臉補脂+眼袋醫師（有選手）,", 36 F 推極緻杜醫師,我是把眼袋脂肪要做的 03/28 17:12 , 36 F → yannnnni520 03/28 17:12,"
doctor,覺得醫師,unknown,,2022-03-26T17:41:00,https://www.pttweb.cc/bbs/facelift/M.1648287684.A.B43,[建議] 台北全臉補脂+眼袋醫師（有選手）,", 38 F 很自然,覺得醫師臉補脂的量估的很準 03/28 17:13 , 38 F → yannnnni520 03/28 17:13,"
clinic,在台北的一棟大樓裡 診所裡面感覺上有點老,unknown,台北,2022-01-17T11:46:00,https://www.pttweb.cc/bbs/facelift/M.1642391177.A.5DB,[討論] 眼袋手術詢問,在台北的一棟大樓裡 診所裡面感覺上有點老歐式飯店裝潢 但乾淨 醫生本人也有年紀 也蠻有經驗的樣子 醫生建議我用內開方式除眼袋 不建議補脂肪 第一不確定脂肪的穩定性 也無法保證未來會不會下垂 然後脂肪吸收程度因人體質不同 就算捕的很平均 也有兩邊消的不一樣的風險 醫生說的這點我蠻認同的 價格3字頭
doctor,眼袋手術醫師,recommended,台北,2021-12-27T15:55:00,https://www.pttweb.cc/bbs/facelift/M.1640591727.A.FB6,[問題] 請推薦大醫院眼袋手術醫師（台北）,[問題] 請推薦大醫院眼袋手術醫師（台北） - 看板facelift - PTT網頁版
clinic,薦大醫院,recommended,台北,2021-12-27T15:55:00,https://www.pttweb.cc/bbs/facelift/M.1640591727.A.FB6,[問題] 請推薦大醫院眼袋手術醫師（台北）,[問題] 請推薦大醫院眼袋手術醫師（台北） - 看板facelift - PTT網頁版
doctor,眼袋手術醫師,recommended,台北,2021-12-27T15:55:00,https://www.pttweb.cc/bbs/facelift/M.1640591727.A.FB6,[問題] 請推薦大醫院眼袋手術醫師（台北）,"[問題] 請推薦大醫院眼袋手術醫師（台北） ＋收藏 分享 看板 facelift 作者 dakki (溫柔自是勝強剛) 時間 4年前 發表 (2021/12/27 15:55) , 編輯 推噓 3 ( 3 推 0 噓 3 → ) 留言 6則, 3人 參與 , 4年前 最新 討論串 1/1"
clinic,薦大醫院,recommended,台北,2021-12-27T15:55:00,https://www.pttweb.cc/bbs/facelift/M.1640591727.A.FB6,[問題] 請推薦大醫院眼袋手術醫師（台北）,"[問題] 請推薦大醫院眼袋手術醫師（台北） ＋收藏 分享 看板 facelift 作者 dakki (溫柔自是勝強剛) 時間 4年前 發表 (2021/12/27 15:55) , 編輯 推噓 3 ( 3 推 0 噓 3 → ) 留言 6則, 3人 參與 , 4年前 最新 討論串 1/1"
doctor,大醫院的醫師,recommended,台北,2021-12-27T15:55:00,https://www.pttweb.cc/bbs/facelift/M.1640591727.A.FB6,[問題] 請推薦大醫院眼袋手術醫師（台北）,大家好 近期考慮做眼袋手術 但實在不太敢在診所做舒眠麻醉 不知道有沒有人推薦台北大醫院的醫師？ 或是有人做相關手術是局麻嗎？ 會不會很可怕呢？ 謝謝～
clinic,但實在不太敢在診所,recommended,台北,2021-12-27T15:55:00,https://www.pttweb.cc/bbs/facelift/M.1640591727.A.FB6,[問題] 請推薦大醫院眼袋手術醫師（台北）,大家好 近期考慮做眼袋手術 但實在不太敢在診所做舒眠麻醉 不知道有沒有人推薦台北大醫院的醫師？ 或是有人做相關手術是局麻嗎？ 會不會很可怕呢？ 謝謝～
clinic,不知道有沒有人推薦台北大醫院,recommended,台北,2021-12-27T15:55:00,https://www.pttweb.cc/bbs/facelift/M.1640591727.A.FB6,[問題] 請推薦大醫院眼袋手術醫師（台北）,大家好 近期考慮做眼袋手術 但實在不太敢在診所做舒眠麻醉 不知道有沒有人推薦台北大醫院的醫師？ 或是有人做相關手術是局麻嗎？ 會不會很可怕呢？ 謝謝～
doctor,眼袋診所醫生,recommended,台北,2021-12-27T15:55:00,https://www.pttweb.cc/bbs/facelift/M.1640591727.A.FB6,[問題] 請推薦大醫院眼袋手術醫師（台北）,", 1 F 借文想問推薦的台北眼袋診所醫生 12/27 20:17 , 1 F → ieltm 12/27 20:18,"
clinic,借文想問推薦的台北眼袋診所,recommended,台北,2021-12-27T15:55:00,https://www.pttweb.cc/bbs/facelift/M.1640591727.A.FB6,[問題] 請推薦大醫院眼袋手術醫師（台北）,", 1 F 借文想問推薦的台北眼袋診所醫生 12/27 20:17 , 1 F → ieltm 12/27 20:18,"
doctor,淚溝的醫師,recommended,桃園,2021-12-07T21:23:00,https://www.pttweb.cc/bbs/facelift/M.1638883411.A.94B,[問題] 衛福部規定玻尿酸不能施打淚溝？,另外想詢問大家有沒有推薦雙北或桃園施打水無痕 淚溝的醫師，已經爬了好多文、看了好多大家推薦的醫師但心裡仍拿不定主意 目前想試試評價還不錯的水無痕～
doctor,家推薦的醫師,recommended,桃園,2021-12-07T21:23:00,https://www.pttweb.cc/bbs/facelift/M.1638883411.A.94B,[問題] 衛福部規定玻尿酸不能施打淚溝？,另外想詢問大家有沒有推薦雙北或桃園施打水無痕 淚溝的醫師，已經爬了好多文、看了好多大家推薦的醫師但心裡仍拿不定主意 目前想試試評價還不錯的水無痕～
clinic,最近諮詢台北某醫美診所,unknown,台北,2021-12-03T01:17:00,https://www.pttweb.cc/bbs/facelift/M.1638465425.A.C09,[問題] 眼袋手術會建議補淚溝嗎？,最近諮詢台北某醫美診所，醫生看過後建議做眼袋內開+補淚溝 會比較自然
doctor,到現場後醫生,unknown,,2021-11-02T21:19:00,https://www.pttweb.cc/bbs/facelift/M.1635859153.A.A6D,[分享] 台北眼袋內開+自體脂肪補脂分享,（↑更別說是內建相機） 後來在家庭聚會上聽到親戚分享眼袋手術的心得 本人真的變超有精神 當下感覺就是天時地利人和 我馬上二話不說打電話預約 本來想說這間診所蠻有名的也很多人預約都要用搶的 會不會接起電話的是個對答冷冰冰的人 結果對方人超好！ 盡力幫我排預約時間之外還關心我這樣上班會不會遲到 讓我從預約就有很放心的感覺 去到現場後醫生也很仔細地跟我解說我的狀況 我當天就直接付錢預約手術時間了～ 人生第一次動手術 我其實本來心裡一直有點忐忑 結果真的就像醫生說的 睡一覺就好了！ 回家前診所會給一張小單子 上面列滿術後的...
doctor,真的就像醫生,unknown,,2021-11-02T21:19:00,https://www.pttweb.cc/bbs/facelift/M.1635859153.A.A6D,[分享] 台北眼袋內開+自體脂肪補脂分享,（↑更別說是內建相機） 後來在家庭聚會上聽到親戚分享眼袋手術的心得 本人真的變超有精神 當下感覺就是天時地利人和 我馬上二話不說打電話預約 本來想說這間診所蠻有名的也很多人預約都要用搶的 會不會接起電話的是個對答冷冰冰的人 結果對方人超好！ 盡力幫我排預約時間之外還關心我這樣上班會不會遲到 讓我從預約就有很放心的感覺 去到現場後醫生也很仔細地跟我解說我的狀況 我當天就直接付錢預約手術時間了～ 人生第一次動手術 我其實本來心裡一直有點忐忑 結果真的就像醫生說的 睡一覺就好了！ 回家前診所會給一張小單子 上面列滿術後的...
clinic,本來想說這間診所,unknown,,2021-11-02T21:19:00,https://www.pttweb.cc/bbs/facelift/M.1635859153.A.A6D,[分享] 台北眼袋內開+自體脂肪補脂分享,（↑更別說是內建相機） 後來在家庭聚會上聽到親戚分享眼袋手術的心得 本人真的變超有精神 當下感覺就是天時地利人和 我馬上二話不說打電話預約 本來想說這間診所蠻有名的也很多人預約都要用搶的 會不會接起電話的是個對答冷冰冰的人 結果對方人超好！ 盡力幫我排預約時間之外還關心我這樣上班會不會遲到 讓我從預約就有很放心的感覺 去到現場後醫生也很仔細地跟我解說我的狀況 我當天就直接付錢預約手術時間了～ 人生第一次動手術 我其實本來心裡一直有點忐忑 結果真的就像醫生說的 睡一覺就好了！ 回家前診所會給一張小單子 上面列滿術後的...
clinic,回家前診所,unknown,,2021-11-02T21:19:00,https://www.pttweb.cc/bbs/facelift/M.1635859153.A.A6D,[分享] 台北眼袋內開+自體脂肪補脂分享,（↑更別說是內建相機） 後來在家庭聚會上聽到親戚分享眼袋手術的心得 本人真的變超有精神 當下感覺就是天時地利人和 我馬上二話不說打電話預約 本來想說這間診所蠻有名的也很多人預約都要用搶的 會不會接起電話的是個對答冷冰冰的人 結果對方人超好！ 盡力幫我排預約時間之外還關心我這樣上班會不會遲到 讓我從預約就有很放心的感覺 去到現場後醫生也很仔細地跟我解說我的狀況 我當天就直接付錢預約手術時間了～ 人生第一次動手術 我其實本來心裡一直有點忐忑 結果真的就像醫生說的 睡一覺就好了！ 回家前診所會給一張小單子 上面列滿術後的...
doctor,人放心的醫生,recommended,台北,2021-11-02T21:19:00,https://www.pttweb.cc/bbs/facelift/M.1635859153.A.A6D,[分享] 台北眼袋內開+自體脂肪補脂分享,（↑從此都驕傲的用內建相機拍照了！） 每次照鏡子都還是覺得很感動 居然真的有可以脫離眼袋的這一天 真心覺得動眼袋手術很值得 也很感激自己遇到了如此令人放心的醫生跟診所 手術資訊如下 診所：如一整形外科診所（原為台北新聖） 醫師：蕭奕君醫師
doctor,蕭奕君醫師,recommended,台北,2021-11-02T21:19:00,https://www.pttweb.cc/bbs/facelift/M.1635859153.A.A6D,[分享] 台北眼袋內開+自體脂肪補脂分享,（↑從此都驕傲的用內建相機拍照了！） 每次照鏡子都還是覺得很感動 居然真的有可以脫離眼袋的這一天 真心覺得動眼袋手術很值得 也很感激自己遇到了如此令人放心的醫生跟診所 手術資訊如下 診所：如一整形外科診所（原為台北新聖） 醫師：蕭奕君醫師
clinic,人放心的醫生,recommended,台北,2021-11-02T21:19:00,https://www.pttweb.cc/bbs/facelift/M.1635859153.A.A6D,[分享] 台北眼袋內開+自體脂肪補脂分享,（↑從此都驕傲的用內建相機拍照了！） 每次照鏡子都還是覺得很感動 居然真的有可以脫離眼袋的這一天 真心覺得動眼袋手術很值得 也很感激自己遇到了如此令人放心的醫生跟診所 手術資訊如下 診所：如一整形外科診所（原為台北新聖） 醫師：蕭奕君醫師
clinic,如一整形外科診所,recommended,台北,2021-11-02T21:19:00,https://www.pttweb.cc/bbs/facelift/M.1635859153.A.A6D,[分享] 台北眼袋內開+自體脂肪補脂分享,（↑從此都驕傲的用內建相機拍照了！） 每次照鏡子都還是覺得很感動 居然真的有可以脫離眼袋的這一天 真心覺得動眼袋手術很值得 也很感激自己遇到了如此令人放心的醫生跟診所 手術資訊如下 診所：如一整形外科診所（原為台北新聖） 醫師：蕭奕君醫師
doctor,詢了滿多醫生,recommended,,2021-09-30T19:41:00,https://www.pttweb.cc/bbs/facelift/M.1633002101.A.C2B,[心得] 台北自體脂肪補脂&眼袋分享,諮詢了滿多醫生之後， 除了要做內開眼袋的手術之外， 醫生還推薦我可以做全臉補脂、淚溝跟法令紋， 考慮好幾天也問了身邊比較常做醫美的朋友， 大家都說想做的話乾脆一起做， 不然到時候又做第二次恢復期就會有兩次， 還是一次到位好了XD
clinic,考慮好幾天也問了身邊比較常做醫美,recommended,,2021-09-30T19:41:00,https://www.pttweb.cc/bbs/facelift/M.1633002101.A.C2B,[心得] 台北自體脂肪補脂&眼袋分享,諮詢了滿多醫生之後， 除了要做內開眼袋的手術之外， 醫生還推薦我可以做全臉補脂、淚溝跟法令紋， 考慮好幾天也問了身邊比較常做醫美的朋友， 大家都說想做的話乾脆一起做， 不然到時候又做第二次恢復期就會有兩次， 還是一次到位好了XD
doctor,術前跟醫師,unknown,,2021-09-30T19:41:00,https://www.pttweb.cc/bbs/facelift/M.1633002101.A.C2B,[心得] 台北自體脂肪補脂&眼袋分享,所以最後就是決定內開眼袋+自體脂肪補脂 術前跟醫師溝通滿久的， 因為自己比較愛自然的臉型， 外加這個是第一次做比較大的手術， 醫生也可以感覺出來我比較緊張 所以術前講解的特別仔細，就讓我滿放心的。
doctor,問開眼袋醫生,recommended,,2021-09-30T19:41:00,https://www.pttweb.cc/bbs/facelift/M.1633002101.A.C2B,[心得] 台北自體脂肪補脂&眼袋分享,", 4 F 想請問開眼袋醫生與價格謝謝 10/01 09:06 , 4 F 推 oceanbird 10/01 21:54,"
doctor,問開眼袋醫生,recommended,,2021-09-30T19:41:00,https://www.pttweb.cc/bbs/facelift/M.1633002101.A.C2B,[心得] 台北自體脂肪補脂&眼袋分享,", 13 F 也想請問開眼袋醫生與價格謝謝 10/05 08:29 , 13 F 推 ju9454 10/05 15:24,"
doctor,君綺陳院長,recommended,台北,2021-09-28T15:14:00,https://www.pttweb.cc/bbs/facelift/M.1632813291.A.5E8,[問題] 想雙眼皮跟眼袋一次解決,", 12 F 眼袋 是可以一起手術的 09/30 17:05 , 12 F 推 h233332000 10/13 10:18, , 13 F 推薦君綺陳院長給你~他真的很厲害， 10/13 10:18 , 13 F → h233332000 10/13 10:18, , 14 F 我的雙眼皮手術就是找他，我很喜歡！ 10/13 10:18 , 14 F 推 willy45118 11/11 16:52, , 15 F 推薦台北至誠整形外科陳醫師，眼部有 11/11 16:52 , 15 F → willy45118..."
doctor,形外科陳醫師,recommended,台北,2021-09-28T15:14:00,https://www.pttweb.cc/bbs/facelift/M.1632813291.A.5E8,[問題] 想雙眼皮跟眼袋一次解決,", 12 F 眼袋 是可以一起手術的 09/30 17:05 , 12 F 推 h233332000 10/13 10:18, , 13 F 推薦君綺陳院長給你~他真的很厲害， 10/13 10:18 , 13 F → h233332000 10/13 10:18, , 14 F 我的雙眼皮手術就是找他，我很喜歡！ 10/13 10:18 , 14 F 推 willy45118 11/11 16:52, , 15 F 推薦台北至誠整形外科陳醫師，眼部有 11/11 16:52 , 15 F → willy45118..."
doctor,另外醫生,unknown,,2021-09-22T16:29:00,https://www.pttweb.cc/bbs/facelift/M.1632299340.A.038,[分享] 台北內開眼袋+補淚溝術後分享,另外醫生有建議除了內開眼袋外 會幫我一起把淚溝補起來 整體看起來也會比較自然 更顯得年輕有精神點
doctor,的診所和醫生,recommended,,2021-09-22T16:29:00,https://www.pttweb.cc/bbs/facelift/M.1632299340.A.038,[分享] 台北內開眼袋+補淚溝術後分享,雖然眼袋內開算是蠻普遍的手術 板上也分享到爛了XD 但我自己的經驗確實是找到值得信任的診所和醫生 可以減少對手術的緊張不安 也能確保術後的成果真的是讓自己滿意的 簡單分享到這裡～也希望有幫助到有需要的人！
clinic,但我自己的經驗確實是找到值得信任的診所,recommended,,2021-09-22T16:29:00,https://www.pttweb.cc/bbs/facelift/M.1632299340.A.038,[分享] 台北內開眼袋+補淚溝術後分享,雖然眼袋內開算是蠻普遍的手術 板上也分享到爛了XD 但我自己的經驗確實是找到值得信任的診所和醫生 可以減少對手術的緊張不安 也能確保術後的成果真的是讓自己滿意的 簡單分享到這裡～也希望有幫助到有需要的人！
doctor,有一個李醫師,not_recommended,台北,2021-09-13T21:33:00,https://www.pttweb.cc/bbs/facelift/M.1631539999.A.418,[問題] 汽化眼袋雷射有人做過嗎？,台北有一個李醫師汽化眼袋雷射聽說不錯
clinic,第一次做醫美,recommended,台北,2021-09-11T22:59:00,https://www.pttweb.cc/bbs/facelift/M.1631372371.A.FE2,[問題] 第一次做醫美 求推薦台北眼袋手術診所,[問題] 第一次做醫美 求推薦台北眼袋手術診所 - 看板facelift - PTT網頁版
clinic,求推薦台北眼袋手術診所,recommended,台北,2021-09-11T22:59:00,https://www.pttweb.cc/bbs/facelift/M.1631372371.A.FE2,[問題] 第一次做醫美 求推薦台北眼袋手術診所,[問題] 第一次做醫美 求推薦台北眼袋手術診所 - 看板facelift - PTT網頁版
clinic,第一次做醫美,recommended,台北,2021-09-11T22:59:00,https://www.pttweb.cc/bbs/facelift/M.1631372371.A.FE2,[問題] 第一次做醫美 求推薦台北眼袋手術診所,"[問題] 第一次做醫美 求推薦台北眼袋手術診所 ＋收藏 分享 看板 facelift 作者 ianzaro (ianzaro) 時間 4年前 發表 (2021/09/11 22:59) , 4年前 編輯 推噓 6 ( 6 推 0 噓 10 → ) 留言 16則, 7人 參與 , 4年前 最新 討論串 1/1"
clinic,求推薦台北眼袋手術診所,recommended,台北,2021-09-11T22:59:00,https://www.pttweb.cc/bbs/facelift/M.1631372371.A.FE2,[問題] 第一次做醫美 求推薦台北眼袋手術診所,"[問題] 第一次做醫美 求推薦台北眼袋手術診所 ＋收藏 分享 看板 facelift 作者 ianzaro (ianzaro) 時間 4年前 發表 (2021/09/11 22:59) , 4年前 編輯 推噓 6 ( 6 推 0 噓 10 → ) 留言 16則, 7人 參與 , 4年前 最新 討論串 1/1"
doctor,去跟醫生,unknown,,2021-09-11T22:59:00,https://www.pttweb.cc/bbs/facelift/M.1631372371.A.FE2,[問題] 第一次做醫美 求推薦台北眼袋手術診所,所以從大學時期就開始存錢，現在出社會後剛好存一筆可以來拯救我的眼袋了！默默一直 爬文想先去諮詢一下，有諮詢過的可以給些經驗嗎？這樣到時候比較能依照自己的狀況再 去跟醫生討論（第一次諮詢超怕哈哈）
doctor,應該跟醫師,unknown,,2021-09-11T22:59:00,https://www.pttweb.cc/bbs/facelift/M.1631372371.A.FE2,[問題] 第一次做醫美 求推薦台北眼袋手術診所,", 14 F ，如果有加補脂的話，應該跟醫師溝 09/14 17:35 , 14 F → MarkeleFultz 09/14 17:35,"
doctor,星林敬鈞醫生,recommended,台北,2021-08-19T20:37:00,https://www.pttweb.cc/bbs/facelift/M.1629376673.A.CF1,[討論] 想請問眼袋問題（附圖）,", 10 F 內開+補淚溝蘋果肌） 08/20 17:46 , 10 F 推 yannnnni520 08/23 11:35, , 11 F 推極緻杜隆成，我手術前跟妳很像!! 08/23 11:35 , 11 F → yannnnni520 08/23 11:35, , 12 F 內開眼袋+補蘋果肌就處理好了,現在 08/23 11:35 , 12 F → yannnnni520 08/23 11:35, , 13 F 不用遮瑕精神看起來很好,妳可以先去 08/23 11:35 , 13 F → yannnnni..."
clinic,", 14 F 諮詢看,診所在松江南京1號口",recommended,台北,2021-08-19T20:37:00,https://www.pttweb.cc/bbs/facelift/M.1629376673.A.CF1,[討論] 想請問眼袋問題（附圖）,", 10 F 內開+補淚溝蘋果肌） 08/20 17:46 , 10 F 推 yannnnni520 08/23 11:35, , 11 F 推極緻杜隆成，我手術前跟妳很像!! 08/23 11:35 , 11 F → yannnnni520 08/23 11:35, , 12 F 內開眼袋+補蘋果肌就處理好了,現在 08/23 11:35 , 12 F → yannnnni520 08/23 11:35, , 13 F 不用遮瑕精神看起來很好,妳可以先去 08/23 11:35 , 13 F → yannnnni..."
doctor,得不錯的醫生,unknown,台中,2021-07-29T22:44:00,https://www.pttweb.cc/bbs/facelift/M.1627569863.A.7D2,[問題] 內開眼袋+自體蘋果肌大家做多少?,嗨嗨大家晚安 近期諮詢了一個我覺得不錯的醫生 已經關注他蠻久了 以前有在台中諮詢過 結果現在醫生自己出去台北開診所了 當然也就越來越貴 所以今年就好想做啊 一年比一年貴 有上網爬文眼袋+蘋果肌的資料 但有些都年代太久遠了
doctor,結果現在醫生,unknown,台中,2021-07-29T22:44:00,https://www.pttweb.cc/bbs/facelift/M.1627569863.A.7D2,[問題] 內開眼袋+自體蘋果肌大家做多少?,嗨嗨大家晚安 近期諮詢了一個我覺得不錯的醫生 已經關注他蠻久了 以前有在台中諮詢過 結果現在醫生自己出去台北開診所了 當然也就越來越貴 所以今年就好想做啊 一年比一年貴 有上網爬文眼袋+蘋果肌的資料 但有些都年代太久遠了
clinic,結果現在醫生,unknown,台中,2021-07-29T22:44:00,https://www.pttweb.cc/bbs/facelift/M.1627569863.A.7D2,[問題] 內開眼袋+自體蘋果肌大家做多少?,嗨嗨大家晚安 近期諮詢了一個我覺得不錯的醫生 已經關注他蠻久了 以前有在台中諮詢過 結果現在醫生自己出去台北開診所了 當然也就越來越貴 所以今年就好想做啊 一年比一年貴 有上網爬文眼袋+蘋果肌的資料 但有些都年代太久遠了
doctor,台北哪家醫師,unknown,台北,2021-07-22T00:54:00,https://www.pttweb.cc/bbs/facelift/M.1626886480.A.335,[問題] 淚溝該找台北哪家醫師呢？已刪文,[問題] 淚溝該找台北哪家醫師呢？ - 看板facelift - PTT網頁版
doctor,台北哪家醫師,recommended,台北,2021-07-22T00:54:00,https://www.pttweb.cc/bbs/facelift/M.1626886480.A.335,[問題] 淚溝該找台北哪家醫師呢？已刪文,"[問題] 淚溝該找台北哪家醫師呢？ 已刪文 ＋收藏 分享 看板 facelift 作者 QuakerH (蔣二毛) 時間 4年前 發表 (2021/07/22 00:54) , 編輯 推噓 2 ( 2 推 0 噓 2 → ) 留言 4則, 2人 參與 , 4年前 最新 討論串 1/1"
doctor,眼袋手術醫師,recommended,台北,2021-07-15T21:33:00,https://www.pttweb.cc/bbs/facelift/M.1626355988.A.693,[問題] 求問推薦的眼袋手術醫生(高雄),覺得被眼袋問題困擾許久了 之前在台北時就有想做手術切除 最近回來高雄，對這邊醫美不那麼熟 想說都待在家就趁這個時候開刀 有沒有比較推薦的眼袋手術醫師呢?
clinic,對這邊醫美,recommended,台北,2021-07-15T21:33:00,https://www.pttweb.cc/bbs/facelift/M.1626355988.A.693,[問題] 求問推薦的眼袋手術醫生(高雄),覺得被眼袋問題困擾許久了 之前在台北時就有想做手術切除 最近回來高雄，對這邊醫美不那麼熟 想說都待在家就趁這個時候開刀 有沒有比較推薦的眼袋手術醫師呢?
