No.,主基金,基金代號,基金中文名稱,基金英文名稱,幣別,基金簡稱,基金簡簡稱,配息說明(前台查詢用),Fund Code,ISIN Code,基金經理公司,基金專戶名稱,基金保管機構,基金註冊地,避險級別,全球資產公告幣別,銷售狀態,經理費率,變動經理費率,保管費率,分銷費率,其他費用率,募集方式,投資區域,幣別,級別,風險收益等級,基金種類1,基金種類2,基金種類3,基金種類4,基金種類5,投資類型,投信投顧公會基金類型,衛星基金,收益分配設定,基金淨值日設定,基金交易日設定,成立日,開賣日,開始買回日,開放集保NAV上傳,申購淨值日,買回淨值日,買回付款日,記帳日落差天數,EC交易日落差天數,買回基金主帳戶銀行,收益分配配息專戶銀行,開放集保,手續費收取時點,首次申購原幣下限,再次申購原幣下限,收益分配下限,結存原幣下限,淨值小數位數,價金小數位數,單位數小數位數,單位數捨位方式,買回價金計算方式,客戶支付買回匯費,買回分行,受益分配分行,扣款時間,短線交易最小持有天數,是否收取買回費用,是否收取績效管理費,是否年化報酬率,交易開放/額控中,警示,限制,匯款/ATM銀行,匯款分行代碼,申購關帳時間,買回關帳時間,EC及RSP申購關帳時間,EC買回關帳時間,買回基金主帳戶,收益分配配息專戶,匯款時間,開放投資型連結保單,開放申購,開放定期定額,開放語音交易,開放網路交易,開放網路申購,EC變更書面RSP,開放網路轉申購,開放網路RSP,開放網路DRSP,開放ATM轉帳,開放網路買回,開放銀行扣款,開放銀行匯款,開放ROBO,匯費,登錄代理人代號,贖回時間
1,G1,G2,資本集團歐洲成長及收益基金(盧森堡) B,Capital Group European Growth and IncomeFund (Lux) B,歐元,CG歐洲成長收益基金B,CG歐洲成長收益B,,CIEGBEUR,LU0157028266,05,CAPITAL INTERNATIONAL FUND- SUB-EUR,"JPM J.P. Morgan SE, Luxembourg Branch",LU,否,美元,正常銷售,1.3,0,0.05,0,0,公開募集,歐洲,歐元,B,RR4,境外基金,股票型基金,歐洲區域型基金,offshore Equity,offshore Equity,股票型,跨國投資股票型,是,本基金無收益分配,CG1,cg1,2002/10/30,2026/1/19,2026/1/19,是,0,0,3,1,0,J.P. Morgan SE – Luxembourg Branch,J.P. Morgan SE – Luxembourg Branch,是,前收,10000,1000,0,0,4,2,3,O,依總單位數計算價金,否,Luxembourg Branch,Luxembourg Branch,11:00,3,無買回特殊費用,否,否,是,0,0,,,16:00,16:00,12:00,16:00,LU360670006550196636,,14:00,否,否,否,否,否,否,否,否,否,否,否,否,否,否,否,,05,14:00
2,G1,G1,資本集團歐洲成長及收益基金(盧森堡) B (美元),Capital Group European Growth and IncomeFund (Lux) B (USD),美元,CG歐洲成長收益基金B美元,CG歐洲成長收益BUSD,,CIEGBUSD,LU0157035477,05,CAPITAL INTERNATIONAL FUND- SUB-USD,"JPM J.P. Morgan SE, Luxembourg Branch",LU,否,美元,正常銷售,1.3,0,0.05,0,0,公開募集,歐洲,美元,B,RR4,境外基金,股票型基金,歐洲區域型基金,offshore Equity,offshore Equity,股票型,跨國投資股票型,是,本基金無收益分配,CG1,cg1,2002/10/30,2026/1/19,2026/1/19,是,0,0,3,1,0,J.P. Morgan SE – Luxembourg Branch,J.P. Morgan SE – Luxembourg Branch,是,前收,10000,1000,0,0,4,2,3,O,依總單位數計算價金,否,Luxembourg Branch,Luxembourg Branch,11:00,3,無買回特殊費用,否,否,是,0,0,,,16:00,16:00,12:00,16:00,LU360670006550196636,LU360670006550196636,14:00,否,否,否,否,否,否,否,否,否,否,否,否,否,否,否,,05,14:00
3,G1,G5,資本集團歐洲成長及收益基金(盧森堡) Bgdm ,Capital Group European Growth and IncomeFund (Lux) Bgdm,歐元,CG歐洲成長收益基金Bgdm ,CG歐洲成長收益Bgdm ,(基金之配息來源可能為本金),CIEGBDEUR,LU1669197896,05,CAPITAL INTERNATIONAL FUND- SUB-EUR,"JPM J.P. Morgan SE, Luxembourg Branch",LU,否,美元,正常銷售,1.3,0,0.05,0,0,公開募集,歐洲,歐元,Bgdm ,RR4,境外基金,股票型基金,歐洲區域型基金,offshore Equity,offshore Equity,股票型,跨國投資股票型,是,本基金每月收益分配,CG1,cg1,2002/10/30,2026/1/19,2026/1/19,是,0,0,3,1,0,J.P. Morgan SE – Luxembourg Branch,J.P. Morgan SE – Luxembourg Branch,是,前收,10000,1000,0,0,4,2,3,O,依總單位數計算價金,否,Luxembourg Branch,Luxembourg Branch,11:00,3,無買回特殊費用,否,否,是,0,0,,,16:00,16:00,12:00,16:00,LU360670006550196636,LU360670006550196636,14:00,否,否,否,否,否,否,否,否,否,否,否,否,否,否,否,,05,14:00
4,G1,G4,資本集團歐洲成長及收益基金(盧森堡) Bgdmh (美元),Capital Group European Growth and IncomeFund (Lux) Bgdmh (USD),美元,CG歐洲成長收益基金Bgdm美元,CG歐洲成長收益BgdmUSD, (基金之配息來源可能為本金),CIEGBDUSD,LU1669199751,05,CAPITAL INTERNATIONAL FUND- SUB-USD,"JPM J.P. Morgan SE, Luxembourg Branch",LU,否,美元,正常銷售,1.3,0,0.05,0,0,公開募集,歐洲,美元,Bgdmh,RR4,境外基金,股票型基金,歐洲區域型基金,offshore Equity,offshore Equity,股票型,跨國投資股票型,是,本基金每月收益分配,CG1,cg1,2002/10/30,2026/1/19,2026/1/19,是,0,0,3,1,0,J.P. Morgan SE – Luxembourg Branch,J.P. Morgan SE – Luxembourg Branch,是,前收,10000,1000,0,0,4,2,3,O,依總單位數計算價金,否,Luxembourg Branch,Luxembourg Branch,11:00,3,無買回特殊費用,否,否,是,0,0,,,16:00,16:00,12:00,16:00,LU810670006550196505,LU810670006550196505,14:00,否,否,否,否,否,否,否,否,否,否,否,否,否,否,否,,05,14:00
5,G1,G3,資本集團歐洲成長及收益基金(盧森堡) Bh (美元),Capital Group European Growth and IncomeFund (Lux) Bh (USD),美元,CG歐洲成長及益基金Bh美元,CG歐洲成長收益BhUSD,,CIEGBHUSD,LU1217766424,05,CAPITAL INTERNATIONAL FUND- SUB-USD,"JPM J.P. Morgan SE, Luxembourg Branch",LU,是,美元,正常銷售,1.3,0,0.05,0,0,公開募集,歐洲,美元,Bh,RR4,境外基金,股票型基金,歐洲區域型基金,offshore Equity,offshore Equity,股票型,跨國投資股票型,是,本基金無收益分配,CG1,cg1,2015/4/14,2026/1/19,2026/1/19,是,0,0,3,1,0,J.P. Morgan SE – Luxembourg Branch,J.P. Morgan SE – Luxembourg Branch,是,前收,10000,1000,0,0,4,2,3,O,依總單位數計算價金,否,Luxembourg Branch,Luxembourg Branch,11:00,3,無買回特殊費用,否,否,是,0,0,,,16:00,16:00,12:00,16:00,LU810670006550196505,,14:00,否,否,否,否,否,否,否,否,否,否,否,否,否,否,否,,05,14:00
6,G6,G9,資本集團新興市場債券基金(盧森堡) Bfdm,Capital Group Emerging Markets Debt Fund (LUX) Bfdm,歐元,CG新興市場債基金Bfdm,CG新興市場債Bfdm, (本基金有相當比重投資於非投資等級之高風險債券且基金之配息來源可能為本金),CIEMDBD,LU2339909900,05,CAPITAL INTERNATIONAL FUND- SUB-EUR,"JPM J.P. Morgan SE, Luxembourg Branch",LU,否,美元,正常銷售,1.4,0,0.12,0,0,公開募集,全球,歐元,Bfdm,RR3,境外基金,債券型基金,長天期債券型基金,Offshore Bond,Offshore Bond,債券型,跨國投資固定收益一般債券型,是,本基金每月收益分配,CG6,cg6,2021/6/4,2026/1/19,2026/1/19,是,0,0,3,1,0,J.P. Morgan SE – Luxembourg Branch,J.P. Morgan SE – Luxembourg Branch,是,前收,10000,1000,0,0,4,2,3,O,依總單位數計算價金,否,Luxembourg Branch,Luxembourg Branch,11:00,3,無買回特殊費用,否,否,是,0,0,,,16:00,16:00,12:00,16:00,LU360670006550196636,LU360670006550196636,14:00,否,否,否,否,否,否,否,否,否,否,否,否,否,否,否,,05,14:00
7,G6,G8,資本集團新興市場債券基金(盧森堡) Bfdm (美元),Capital Group Emerging Markets Debt Fund (LUX) Bfdm (USD),美元,CG新興市場債基金Bfdm美元,CG新興市場債BfdmUSD, (本基金有相當比重投資於非投資等級之高風險債券且基金之配息來源可能為本金),CIEMDBDUSD,LU2339909819,05,CAPITAL INTERNATIONAL FUND- SUB-USD,"JPM J.P. Morgan SE, Luxembourg Branch",LU,否,美元,正常銷售,1.4,0,0.12,0,0,公開募集,全球,美元,Bfdm,RR3,境外基金,債券型基金,長天期債券型基金,Offshore Bond,Offshore Bond,債券型,跨國投資固定收益一般債券型,是,本基金每月收益分配,CG6,cg6,2021/6/4,2026/1/19,2026/1/19,是,0,0,3,1,0,J.P. Morgan SE – Luxembourg Branch,J.P. Morgan SE – Luxembourg Branch,是,前收,10000,1000,0,0,4,2,3,O,依總單位數計算價金,否,Luxembourg Branch,Luxembourg Branch,11:00,3,無買回特殊費用,否,否,是,0,0,,,16:00,16:00,12:00,16:00,LU810670006550196505,LU810670006550196505,14:00,否,否,否,否,否,否,否,否,否,否,否,否,否,否,否,,05,14:00
8,G6,G7,資本集團新興市場債券基金(盧森堡) B ,Capital Group Emerging Markets Debt Fund (LUX) B,歐元,CG新興市場債基金B,CG新興市場債B,(本基金有相當比重投資於非投資等級之高風險債券),CIEMDBEUR,LU0533017892,05,CAPITAL INTERNATIONAL FUND- SUB-EUR,"JPM J.P. Morgan SE, Luxembourg Branch",LU,否,美元,正常銷售,1.4,0,0.12,0,0,公開募集,全球,歐元,B,RR3,境外基金,債券型基金,長天期債券型基金,Offshore Bond,Offshore Bond,債券型,跨國投資固定收益一般債券型,是,本基金無收益分配,CG6,cg6,2007/7/24,2026/1/19,2026/1/19,是,0,0,3,1,0,J.P. Morgan SE – Luxembourg Branch,J.P. Morgan SE – Luxembourg Branch,是,前收,10000,1000,0,0,4,2,3,O,依總單位數計算價金,否,Luxembourg Branch,Luxembourg Branch,11:00,3,無買回特殊費用,否,否,是,0,0,,,16:00,16:00,12:00,16:00,LU360670006550196636,,14:00,否,否,否,否,否,否,否,否,否,否,否,否,否,否,否,,05,14:00
9,G6,G6,資本集團新興市場債券基金(盧森堡) B (美元) ,Capital Group Emerging Markets Debt Fund (LUX) B (USD),美元,CG新興市場債基金B美元,CG新興市場債BUSD,(本基金有相當比重投資於非投資等級之高風險債券),CIEMDBUSD,LU0292261301,05,CAPITAL INTERNATIONAL FUND- SUB-USD,"JPM J.P. Morgan SE, Luxembourg Branch",LU,否,美元,正常銷售,1.4,0,0.12,0,0,公開募集,全球,美元,B,RR3,境外基金,債券型基金,長天期債券型基金,Offshore Bond,Offshore Bond,債券型,跨國投資固定收益一般債券型,是,本基金無收益分配,CG6,cg6,2007/7/24,2026/1/19,2026/1/19,是,0,0,3,1,0,J.P. Morgan SE – Luxembourg Branch,J.P. Morgan SE – Luxembourg Branch,是,前收,10000,1000,0,0,4,2,3,O,依總單位數計算價金,否,Luxembourg Branch,Luxembourg Branch,11:00,3,無買回特殊費用,否,否,是,0,0,,,16:00,16:00,12:00,16:00,LU810670006550196505,,14:00,否,否,否,否,否,否,否,否,否,否,否,否,否,否,否,,05,14:00
10,G6,G12,資本集團新興市場債券基金(盧森堡) Zd (美元),Capital Group Emerging Markets Debt Fund (LUX) Zd (USD),美元,CG新興市場債基金Zd美元,CG新興市場債ZdUSD, (本基金有相當比重投資於非投資等級之高風險債券且基金之配息來源可能為本金),CIEMDZDUSD,LU0828132505,05,CAPITAL INTERNATIONAL FUND- SUB-USD,"JPM J.P. Morgan SE, Luxembourg Branch",LU,否,美元,正常銷售,1.4,0,0.12,0,0,公開募集,全球,美元,Zd,RR3,境外基金,債券型基金,長天期債券型基金,Offshore Bond,Offshore Bond,債券型,跨國投資固定收益一般債券型,是,本基金每季收益分配,CG6,cg6,2007/7/24,2026/1/19,2026/1/19,是,0,0,3,1,0,J.P. Morgan SE – Luxembourg Branch,J.P. Morgan SE – Luxembourg Branch,是,前收,10000,1000,0,0,4,2,3,O,依總單位數計算價金,否,Luxembourg Branch,Luxembourg Branch,11:00,3,無買回特殊費用,否,否,是,0,0,,,16:00,16:00,12:00,16:00,LU810670006550196505,LU810670006550196505,14:00,否,否,否,否,否,否,否,否,否,否,否,否,否,否,否,,05,14:00
11,G6,G11,資本集團新興市場債券基金(盧森堡) Z,Capital Group Emerging Markets Debt Fund (LUX) Z,歐元,CG新興市場債基金Z,CG新興市場債Z, (本基金有相當比重投資於非投資等級之高風險債券),CIEMDZEUR,LU0815114383,05,CAPITAL INTERNATIONAL FUND- SUB-EUR,"JPM J.P. Morgan SE, Luxembourg Branch",LU,否,美元,正常銷售,0.7,0,0.05,0,0,公開募集,全球,歐元,Z,RR3,境外基金,債券型基金,長天期債券型基金,Offshore Bond,Offshore Bond,債券型,跨國投資固定收益一般債券型,是,本基金無收益分配,CG6,cg6,2007/7/24,2026/1/19,2026/1/19,是,0,0,3,1,0,J.P. Morgan SE – Luxembourg Branch,J.P. Morgan SE – Luxembourg Branch,是,前收,10000,1000,0,0,4,2,3,O,依總單位數計算價金,否,Luxembourg Branch,Luxembourg Branch,11:00,3,無買回特殊費用,否,否,是,0,0,,,16:00,16:00,12:00,16:00,LU360670006550196636,,14:00,否,否,否,否,否,否,否,否,否,否,否,否,否,否,否,,05,14:00
12,G6,G10,資本集團新興市場債券基金(盧森堡) Z (美元) ,Capital Group Emerging Markets Debt Fund (LUX) Z (USD),美元,CG新興市場債基金Z美元,CG新興市場債ZUSD,(本基金有相當比重投資於非投資等級之高風險債券),CIEMDZUSD,LU0815114623,05,CAPITAL INTERNATIONAL FUND- SUB-USD,"JPM J.P. Morgan SE, Luxembourg Branch",LU,否,美元,正常銷售,0.7,0,0.05,0,0,公開募集,全球,美元,Z,RR3,境外基金,債券型基金,長天期債券型基金,Offshore Bond,Offshore Bond,債券型,跨國投資固定收益一般債券型,是,本基金無收益分配,CG6,cg6,2007/7/24,2026/1/19,2026/1/19,是,0,0,3,1,0,J.P. Morgan SE – Luxembourg Branch,J.P. Morgan SE – Luxembourg Branch,是,前收,10000,1000,0,0,4,2,3,O,依總單位數計算價金,否,Luxembourg Branch,Luxembourg Branch,11:00,3,無買回特殊費用,否,否,是,0,0,,,16:00,16:00,12:00,16:00,LU810670006550196505,,14:00,否,否,否,否,否,否,否,否,否,否,否,否,否,否,否,,05,14:00
13,G13,G14,資本集團新興市場股票基金(盧森堡) B,Capital Group Emerging Markets Equity Fund (LUX) B,歐元,CG新興市場股票基金B,CG新興市場股票B,(舊名稱):Capital Group Emerging Markets Growth Fund (LUX) B,CIEMFBEUR,LU0100551646,05,CAPITAL INTERNATIONAL FUND- SUB-EUR,"JPM J.P. Morgan SE, Luxembourg Branch",LU,否,美元,正常銷售,1.7,0,0.13,0,0,公開募集,全球,歐元,B,RR5,境外基金,股票型基金,一般股票型基金,offshore Equity,offshore Equity,股票型,跨國投資股票型,是,本基金無收益分配,CG13,cg13,1990/5/31,2026/1/19,2026/1/19,是,0,0,3,1,0,J.P. Morgan SE – Luxembourg Branch,J.P. Morgan SE – Luxembourg Branch,是,前收,10000,1000,0,0,4,2,3,O,依總單位數計算價金,否,Luxembourg Branch,Luxembourg Branch,11:00,3,無買回特殊費用,否,否,是,0,0,,,16:00,16:00,12:00,16:00,LU360670006550196636,,14:00,否,否,否,否,否,否,否,否,否,否,否,否,否,否,否,,05,14:00
14,G13,G13,資本集團新興市場股票基金(盧森堡) B (美元),Capital Group Emerging Markets Equity Fund (LUX) B (USD),美元,CG新興市場股票基金B(美元),CG新興市場股票BUSD,(舊名稱):Capital Group Emerging Markets Growth Fund (LUX) B (USD),CIEMFBUSD,LU0100551489,05,CAPITAL INTERNATIONAL FUND- SUB-USD,"JPM J.P. Morgan SE, Luxembourg Branch",LU,否,美元,正常銷售,1.7,0,0.13,0,0,公開募集,全球,美元,B (美元),RR5,境外基金,股票型基金,一般股票型基金,offshore Equity,offshore Equity,股票型,跨國投資股票型,是,本基金無收益分配,CG13,cg13,1990/5/31,2026/1/19,2026/1/19,是,0,0,3,1,0,J.P. Morgan SE – Luxembourg Branch,J.P. Morgan SE – Luxembourg Branch,是,前收,10000,1000,0,0,4,2,3,O,依總單位數計算價金,否,Luxembourg Branch,Luxembourg Branch,11:00,3,無買回特殊費用,否,否,是,0,0,,,16:00,16:00,12:00,16:00,LU810670006550196505,,14:00,否,否,否,否,否,否,否,否,否,否,否,否,否,否,否,,05,14:00
15,G13,G16,資本集團新興市場股票基金(盧森堡) Z,Capital Group Emerging Markets Equity Fund (LUX) Z,歐元,CG新興市場股票基金Z,CG新興市場股票Z,(舊名稱):Capital Group Emerging Markets Growth Fund (LUX) Z,CIEMFZEUR,LU0891452954,05,CAPITAL INTERNATIONAL FUND- SUB-EUR,"JPM J.P. Morgan SE, Luxembourg Branch",LU,否,美元,正常銷售,0.85,0,0.05,0,0,公開募集,全球,歐元,Z,RR5,境外基金,股票型基金,一般股票型基金,offshore Equity,offshore Equity,股票型,跨國投資股票型,是,本基金無收益分配,CG13,cg13,1990/5/31,2026/1/19,2026/1/19,是,0,0,3,1,0,J.P. Morgan SE – Luxembourg Branch,J.P. Morgan SE – Luxembourg Branch,是,前收,10000,1000,0,0,4,2,3,O,依總單位數計算價金,否,Luxembourg Branch,Luxembourg Branch,11:00,3,無買回特殊費用,否,否,是,0,0,,,16:00,16:00,12:00,16:00,LU360670006550196636,,14:00,否,否,否,否,否,否,否,否,否,否,否,否,否,否,否,,05,14:00
16,G13,G15,資本集團新興市場股票基金(盧森堡) Z (美元),Capital Group Emerging Markets Equity Fund (LUX) Z (USD),美元,CG新興市場股票基金Z(美元),CG新興市場股票ZUSD,(舊名稱):Capital Group Emerging Markets Growth Fund (LUX) Z (USD),CIEMFZUSD,LU0891452871,05,CAPITAL INTERNATIONAL FUND- SUB-USD,"JPM J.P. Morgan SE, Luxembourg Branch",LU,否,美元,正常銷售,0.85,0,0.05,0,0,公開募集,全球,美元,Z (美元),RR5,境外基金,股票型基金,一般股票型基金,offshore Equity,offshore Equity,股票型,跨國投資股票型,是,本基金無收益分配,CG13,cg13,1990/5/31,2026/1/19,2026/1/19,是,0,0,3,1,0,J.P. Morgan SE – Luxembourg Branch,J.P. Morgan SE – Luxembourg Branch,是,前收,10000,1000,0,0,4,2,3,O,依總單位數計算價金,否,Luxembourg Branch,Luxembourg Branch,11:00,3,無買回特殊費用,否,否,是,0,0,,,16:00,16:00,12:00,16:00,LU810670006550196505,,14:00,否,否,否,否,否,否,否,否,否,否,否,否,否,否,否,,05,14:00
17,G17,G20,資本集團新興市場完全機會基金(盧森堡) Bgd ,Capital Group Emerging Markets Total Opportunities (LUX) Bgd,歐元,CG新興市場完全機會基金Bgd ,CG新興市場機會Bgd , (基金之配息來源可能為本金),CIETOPBDEUR,LU0815116321,05,CAPITAL INTERNATIONAL FUND- SUB-EUR,"JPM J.P. Morgan SE, Luxembourg Branch",LU,否,美元,正常銷售,1.5,0,0.08,0,0,公開募集,全球,歐元,Bgd,RR4,境外基金,債券型基金,平衡型基金,offshore balanced,offshore balanced,平衡型,跨國投資平衡型,是,本基金每季收益分配,CG17,cg17,2008/2/1,2026/1/19,2026/1/19,是,0,0,3,1,0,J.P. Morgan SE – Luxembourg Branch,J.P. Morgan SE – Luxembourg Branch,是,前收,10000,1000,0,0,4,2,3,O,依總單位數計算價金,否,Luxembourg Branch,Luxembourg Branch,11:00,3,無買回特殊費用,否,否,是,0,0,,,16:00,16:00,12:00,16:00,LU360670006550196636,LU360670006550196636,14:00,否,否,否,否,否,否,否,否,否,否,否,否,否,否,否,,05,14:00
18,G17,G22,資本集團新興市場完全機會基金(盧森堡) Bgdm ,Capital Group Emerging Markets Total Opportunities (LUX) Bgdm (USD),歐元,CG新興市場完全機會基金Bgdm ,CG新興市場機會Bgdm ,(基金之配息來源可能為本金),CIETOPBDM,LU2339910403,05,CAPITAL INTERNATIONAL FUND- SUB-EUR,"JPM J.P. Morgan SE, Luxembourg Branch",LU,否,美元,正常銷售,1.5,0,0.08,0,0,公開募集,全球,歐元,Bgdm ,RR4,境外基金,債券型基金,平衡型基金,offshore balanced,offshore balanced,平衡型,跨國投資平衡型,是,本基金每月收益分配,CG17,cg17,2008/2/1,2026/1/19,2026/1/19,是,0,0,3,1,0,J.P. Morgan SE – Luxembourg Branch,J.P. Morgan SE – Luxembourg Branch,是,前收,10000,1000,0,0,4,2,3,O,依總單位數計算價金,否,Luxembourg Branch,Luxembourg Branch,11:00,3,無買回特殊費用,否,否,是,0,0,,,16:00,16:00,12:00,16:00,LU360670006550196636,LU360670006550196636,14:00,否,否,否,否,否,否,否,否,否,否,否,否,否,否,否,,05,14:00
19,G17,G21,資本集團新興市場完全機會基金(盧森堡) Bgdm (美元) ,Capital Group Emerging Markets Total Opportunities (LUX) Bgdm (USD),美元,CG新興市場完全機會基金Bgdm(美元) ,CG新興市場機會BgdmUSD,(基金之配息來源可能為本金),CIETOPBDMUSD,LU2339909736,05,CAPITAL INTERNATIONAL FUND- SUB-USD,"JPM J.P. Morgan SE, Luxembourg Branch",LU,否,美元,正常銷售,1.5,0,0.08,0,0,公開募集,全球,美元,Bgdm,RR4,境外基金,債券型基金,平衡型基金,offshore balanced,offshore balanced,平衡型,跨國投資平衡型,是,本基金每月收益分配,CG17,cg17,2008/2/1,2026/1/19,2026/1/19,是,0,0,3,1,0,J.P. Morgan SE – Luxembourg Branch,J.P. Morgan SE – Luxembourg Branch,是,前收,10000,1000,0,0,4,2,3,O,依總單位數計算價金,否,Luxembourg Branch,Luxembourg Branch,11:00,3,無買回特殊費用,否,否,是,0,0,,,16:00,16:00,12:00,16:00,LU810670006550196505,LU810670006550196505,14:00,否,否,否,否,否,否,否,否,否,否,否,否,否,否,否,,05,14:00
20,G17,G19,資本集團新興市場完全機會基金(盧森堡) Bgd (美元) ,Capital Group Emerging Markets Total Opportunities (LUX) Bgd (USD),美元,CG新興市場完全機會基金Bgd(美元) ,CG新興市場機會BgdUSD,(基金之配息來源可能為本金),CIETOPBDUSD,LU0815116750,05,CAPITAL INTERNATIONAL FUND- SUB-USD,"JPM J.P. Morgan SE, Luxembourg Branch",LU,否,美元,正常銷售,1.5,0,0.08,0,0,公開募集,全球,美元,Bgd,RR4,境外基金,債券型基金,平衡型基金,offshore balanced,offshore balanced,平衡型,跨國投資平衡型,是,本基金每季收益分配,CG17,cg17,2008/2/1,2026/1/19,2026/1/19,是,0,0,3,1,0,J.P. Morgan SE – Luxembourg Branch,J.P. Morgan SE – Luxembourg Branch,是,前收,10000,1000,0,0,4,2,3,O,依總單位數計算價金,否,Luxembourg Branch,Luxembourg Branch,11:00,3,無買回特殊費用,否,否,是,0,0,,,16:00,16:00,12:00,16:00,LU810670006550196505,LU810670006550196505,14:00,否,否,否,否,否,否,否,否,否,否,否,否,否,否,否,,05,14:00
21,G17,G18,資本集團新興市場完全機會基金(盧森堡) B,Capital Group Emerging Markets Total Opportunities (LUX) B,歐元,CG新興市場完全機會基金B,CG新興市場機會B,,CIETOPBEUR,LU0533027347,05,CAPITAL INTERNATIONAL FUND- SUB-EUR,"JPM J.P. Morgan SE, Luxembourg Branch",LU,否,美元,正常銷售,1.5,0,0.08,0,0,公開募集,全球,歐元,B,RR4,境外基金,債券型基金,平衡型基金,offshore balanced,offshore balanced,平衡型,跨國投資平衡型,是,,CG17,cg17,2008/2/1,2026/1/19,2026/1/19,是,0,0,3,1,0,J.P. Morgan SE – Luxembourg Branch,J.P. Morgan SE – Luxembourg Branch,是,前收,10000,1000,0,0,4,2,3,O,依總單位數計算價金,否,Luxembourg Branch,Luxembourg Branch,11:00,3,無買回特殊費用,否,否,是,0,0,,,16:00,16:00,12:00,16:00,LU360670006550196636,,14:00,否,否,否,否,否,否,否,否,否,否,否,否,否,否,否,,05,14:00
22,G17,G17,資本集團新興市場完全機會基金(盧森堡) B (美元),Capital Group Emerging Markets Total Opportunities (LUX) B (USD),美元,CG新興市場完全機會基金B(美元),CG新興市場機會BUSD,,CIETOPBUSD,LU0302646574,05,CAPITAL INTERNATIONAL FUND- SUB-USD,"JPM J.P. Morgan SE, Luxembourg Branch",LU,否,美元,正常銷售,1.5,0,0.08,0,0,公開募集,全球,美元,B,RR4,境外基金,債券型基金,平衡型基金,offshore balanced,offshore balanced,平衡型,跨國投資平衡型,是,,CG17,cg17,2008/2/1,2026/1/19,2026/1/19,是,0,0,3,1,0,J.P. Morgan SE – Luxembourg Branch,J.P. Morgan SE – Luxembourg Branch,是,前收,10000,1000,0,0,4,2,3,O,依總單位數計算價金,否,Luxembourg Branch,Luxembourg Branch,11:00,3,無買回特殊費用,否,否,是,0,0,,,16:00,16:00,12:00,16:00,LU810670006550196505,,14:00,否,否,否,否,否,否,否,否,否,否,否,否,否,否,否,,05,14:00
23,G23,G24,資本集團歐元債券基金(盧森堡) B,Capital Group Euro Bond Fund (LUX) B,歐元,CG歐元債券基金B,CG歐元債B,,CIFEBF,LU0174801380,05,CAPITAL INTERNATIONAL FUND- SUB-EUR,"JPM J.P. Morgan SE, Luxembourg Branch",LU,否,美元,正常銷售,0.8,0,0.06,0,0,公開募集,歐洲,歐元,B,RR2,境外基金,債券型基金,歐洲區域型基金,Offshore Bond,Offshore Bond,其他,跨國投資固定收益一般債券型,是,,CG23,cg23,2003/10/31,2026/1/19,2026/1/19,是,0,0,3,1,0,J.P. Morgan SE – Luxembourg Branch,J.P. Morgan SE – Luxembourg Branch,是,前收,10000,1000,0,0,4,2,3,O,依總單位數計算價金,否,Luxembourg Branch,Luxembourg Branch,11:00,3,無買回特殊費用,否,否,是,0,0,,,16:00,16:00,12:00,16:00,LU360670006550196636,,14:00,否,否,否,否,否,否,否,否,否,否,否,否,否,否,否,,05,14:00
24,G23,G23,資本集團歐元債券基金(盧森堡) B (美元),Capital Group Euro Bond Fund (LUX) B (USD),美元,CG歐元債券基金B(美元),CG歐元債BUSD,,CIFEBFUSD,LU0174806348,05,CAPITAL INTERNATIONAL FUND- SUB-USD,"JPM J.P. Morgan SE, Luxembourg Branch",LU,否,美元,正常銷售,0.8,0,0.06,0,0,公開募集,歐洲,美元,B,RR2,境外基金,債券型基金,歐洲區域型基金,Offshore Bond,Offshore Bond,其他,跨國投資固定收益一般債券型,是,,CG23,cg23,2003/10/31,2026/1/19,2026/1/19,是,0,0,3,1,0,J.P. Morgan SE – Luxembourg Branch,J.P. Morgan SE – Luxembourg Branch,是,前收,10000,1000,0,0,4,2,3,O,依總單位數計算價金,否,Luxembourg Branch,Luxembourg Branch,11:00,3,無買回特殊費用,否,否,是,0,0,,,16:00,16:00,12:00,16:00,LU810670006550196505,,14:00,否,否,否,否,否,否,否,否,否,否,否,否,否,否,否,,05,14:00
25,G23,G26,資本集團歐元債券基金(盧森堡) Z,Capital Group Euro Bond Fund (LUX) Z,歐元,CG歐元債券基金Z,CG歐元債Z,,CIFEBFZ,LU0817809279,05,CAPITAL INTERNATIONAL FUND- SUB-EUR,"JPM J.P. Morgan SE, Luxembourg Branch",LU,否,美元,正常銷售,0.4,0,0.08,0,0,公開募集,歐洲,歐元,Z,RR2,境外基金,債券型基金,歐洲區域型基金,Offshore Bond,Offshore Bond,其他,跨國投資固定收益一般債券型,是,,CG23,cg23,2003/10/31,2026/1/19,2026/1/19,是,0,0,3,1,0,J.P. Morgan SE – Luxembourg Branch,J.P. Morgan SE – Luxembourg Branch,是,前收,10000,1000,0,0,4,2,3,O,依總單位數計算價金,否,Luxembourg Branch,Luxembourg Branch,11:00,3,無買回特殊費用,否,否,是,0,0,,,16:00,16:00,12:00,16:00,LU360670006550196636,,14:00,否,否,否,否,否,否,否,否,否,否,否,否,否,否,否,,05,14:00
26,G23,G28,資本集團歐元債券基金(盧森堡) Zd,Capital Group Euro Bond Fund (LUX) Zd,歐元,CG歐元債券基金Zd,CG歐元債Zd, (基金之配息來源可能為本金),CIFEBFZD,LU0817809600,05,CAPITAL INTERNATIONAL FUND- SUB-EUR,"JPM J.P. Morgan SE, Luxembourg Branch",LU,否,美元,正常銷售,0.4,0,0.08,0,0,公開募集,歐洲,歐元,Zd,RR2,境外基金,債券型基金,歐洲區域型基金,Offshore Bond,Offshore Bond,其他,跨國投資固定收益一般債券型,是,本基金每季收益分配,CG23,cg23,2003/10/31,2026/1/19,2026/1/19,是,0,0,3,1,0,J.P. Morgan SE – Luxembourg Branch,J.P. Morgan SE – Luxembourg Branch,是,前收,10000,1000,0,0,4,2,3,O,依總單位數計算價金,否,Luxembourg Branch,Luxembourg Branch,11:00,3,無買回特殊費用,否,否,是,0,0,,,16:00,16:00,12:00,16:00,LU360670006550196636,LU360670006550196636,14:00,否,否,否,否,否,否,否,否,否,否,否,否,否,否,否,,05,14:00
27,G23,G27,資本集團歐元債券基金(盧森堡) Zd (美元),Capital Group Euro Bond Fund (LUX) Zd (USD),美元,CG歐元債券基金Zd(美元),CG歐元債ZdUSD, (基金之配息來源可能為本金),CIFEBFZDUSD,LU0817809949,05,CAPITAL INTERNATIONAL FUND- SUB-USD,"JPM J.P. Morgan SE, Luxembourg Branch",LU,否,美元,正常銷售,0.4,0,0.08,0,0,公開募集,歐洲,美元,Zd,RR2,境外基金,債券型基金,歐洲區域型基金,Offshore Bond,Offshore Bond,其他,跨國投資固定收益一般債券型,是,本基金每季收益分配,CG23,cg23,2003/10/31,2026/1/19,2026/1/19,是,0,0,3,1,0,J.P. Morgan SE – Luxembourg Branch,J.P. Morgan SE – Luxembourg Branch,是,前收,10000,1000,0,0,4,2,3,O,依總單位數計算價金,否,Luxembourg Branch,Luxembourg Branch,11:00,3,無買回特殊費用,否,否,是,0,0,,,16:00,16:00,12:00,16:00,LU810670006550196505,LU810670006550196505,14:00,否,否,否,否,否,否,否,否,否,否,否,否,否,否,否,,05,14:00
28,G23,G25,資本集團歐元債券基金(盧森堡) Z (美元),Capital Group Euro Bond Fund (LUX) Z (USD),美元,CG歐元債券基金Z(美元),CG歐元債ZUSD,,CIFEBFZUSD,LU0817809436,05,CAPITAL INTERNATIONAL FUND- SUB-USD,"JPM J.P. Morgan SE, Luxembourg Branch",LU,否,美元,正常銷售,0.4,0,0.08,0,0,公開募集,歐洲,美元,Z,RR2,境外基金,債券型基金,歐洲區域型基金,Offshore Bond,Offshore Bond,其他,跨國投資固定收益一般債券型,是,,CG23,cg23,2003/10/31,2026/1/19,2026/1/19,是,0,0,3,1,0,J.P. Morgan SE – Luxembourg Branch,J.P. Morgan SE – Luxembourg Branch,是,前收,10000,1000,0,0,4,2,3,O,依總單位數計算價金,否,Luxembourg Branch,Luxembourg Branch,11:00,3,無買回特殊費用,否,否,是,0,0,,,16:00,16:00,12:00,16:00,LU810670006550196505,,14:00,否,否,否,否,否,否,否,否,否,否,否,否,否,否,否,,05,14:00
29,G29,G30,資本集團全球股票基金(盧森堡) B,Capital Group Global Equity Fund (LUX) B,歐元,CG全球股票基金B,CG全球股票B,,CIFGEF,LU0114999021,05,CAPITAL INTERNATIONAL FUND- SUB-EUR,"JPM J.P. Morgan SE, Luxembourg Branch",LU,否,美元,正常銷售,1.5,0,0.05,0,0,公開募集,全球,歐元,B,RR3,境外基金,股票型基金,全球股票型基金,offshore Equity,offshore Equity,股票型,跨國投資股票型,是,本基金無收益分配,CG29,cg29,1969/12/31,2026/1/19,2026/1/19,是,0,0,3,1,0,J.P. Morgan SE – Luxembourg Branch,J.P. Morgan SE – Luxembourg Branch,是,前收,10000,1000,0,0,4,2,3,O,依總單位數計算價金,否,Luxembourg Branch,Luxembourg Branch,11:00,3,無買回特殊費用,否,否,是,0,0,,,16:00,16:00,12:00,16:00,LU360670006550196636,,14:00,否,否,否,否,否,否,否,否,否,否,否,否,否,否,否,,05,14:00
30,G29,G29,資本集團全球股票基金(盧森堡) B (美元),Capital Group Global Equity Fund (LUX) B (USD),美元,CG全球股票基金B(美元),CG全球股票BUSD,,CIFGEFUSD,LU0114998999,05,CAPITAL INTERNATIONAL FUND- SUB-USD,"JPM J.P. Morgan SE, Luxembourg Branch",LU,否,美元,正常銷售,1.5,0,0.05,0,0,公開募集,全球,美元,B,RR3,境外基金,股票型基金,全球股票型基金,offshore Equity,offshore Equity,股票型,跨國投資股票型,是,本基金無收益分配,CG29,cg29,1969/12/31,2026/1/19,2026/1/19,是,0,0,3,1,0,J.P. Morgan SE – Luxembourg Branch,J.P. Morgan SE – Luxembourg Branch,是,前收,10000,1000,0,0,4,2,3,O,依總單位數計算價金,否,Luxembourg Branch,Luxembourg Branch,11:00,3,無買回特殊費用,否,否,是,0,0,,,16:00,16:00,12:00,16:00,LU810670006550196505,,14:00,否,否,否,否,否,否,否,否,否,否,否,否,否,否,否,,05,14:00
31,G31,G32,資本集團全球機會非投資等級債券基金(盧森堡) B,Capital Group Global High Income Opportunities (LUX) B,歐元,CG全球機會非投資等級債基金B,CG全球機會非投債B,,CIFGHIO,LU0110451209,05,CAPITAL INTERNATIONAL FUND- SUB-EUR,"JPM J.P. Morgan SE, Luxembourg Branch",LU,否,美元,正常銷售,1.3,0,0.06,0,0,公開募集,全球,歐元,B,RR3,境外基金,債券型基金,債券型,Offshore Bond,Offshore Bond,債券型,跨國投資固定收益一般債券型,是,,CG31,cg31,1999/5/7,2026/1/19,2026/1/19,是,0,0,3,1,0,J.P. Morgan SE – Luxembourg Branch,J.P. Morgan SE – Luxembourg Branch,是,前收,10000,1000,0,0,4,2,3,O,依總單位數計算價金,否,Luxembourg Branch,Luxembourg Branch,11:00,3,無買回特殊費用,否,否,是,0,0,,,16:00,16:00,12:00,16:00,LU360670006550196636,,14:00,否,否,否,否,否,否,否,否,否,否,否,否,否,否,否,,05,14:00
35,G31,G31,資本集團全球機會非投資等級債券基金(盧森堡) B (美元),Capital Group Global High Income Opportunities (LUX) B (USD),美元,CG全球機會非投資等級債基金B(美元),CG全球機會非投債BUSD,,CIFGHIOUSD,LU0110450813,05,CAPITAL INTERNATIONAL FUND- SUB-USD,"JPM J.P. Morgan SE, Luxembourg Branch",LU,否,美元,正常銷售,1.3,0,0.06,0,0,公開募集,全球,美元,B,RR3,境外基金,債券型基金,債券型,Offshore Bond,Offshore Bond,債券型,跨國投資固定收益一般債券型,是,,CG31,cg31,1999/5/7,2026/1/19,2026/1/19,是,0,0,3,1,0,J.P. Morgan SE – Luxembourg Branch,J.P. Morgan SE – Luxembourg Branch,是,前收,10000,1000,0,0,4,2,3,O,依總單位數計算價金,否,Luxembourg Branch,Luxembourg Branch,11:00,3,無買回特殊費用,否,否,是,0,0,,,16:00,16:00,12:00,16:00,LU810670006550196505,,14:00,否,否,否,否,否,否,否,否,否,否,否,否,否,否,否,,05,14:00
33,G31,G34,資本集團全球機會非投資等級債券基金(盧森堡) Bfdm,Capital Group Global High Income Opportunities (LUX) Bfdm,歐元,CG全球機會非投資等級債基金Bfdm,CG全球機會非投債Bfdm, (配息來源可能為本金),CIFGHIOBDEUR,LU2339910072,05,CAPITAL INTERNATIONAL FUND- SUB-EUR,"JPM J.P. Morgan SE, Luxembourg Branch",LU,否,美元,正常銷售,1.3,0,0.06,0,0,公開募集,全球,歐元,Bfdm,RR3,境外基金,債券型基金,債券型,Offshore Bond,Offshore Bond,債券型,跨國投資固定收益一般債券型,是,本基金每月收益分配,CG31,cg31,1999/5/7,2026/1/19,2026/1/19,是,0,0,3,1,0,J.P. Morgan SE – Luxembourg Branch,J.P. Morgan SE – Luxembourg Branch,是,前收,10000,1000,0,0,4,2,3,O,依總單位數計算價金,否,Luxembourg Branch,Luxembourg Branch,11:00,3,無買回特殊費用,否,否,是,0,0,,,16:00,16:00,12:00,16:00,LU360670006550196636,LU360670006550196636,14:00,否,否,否,否,否,否,否,否,否,否,否,否,否,否,否,,05,14:00
34,G31,G33,資本集團全球機會非投資等級債券基金(盧森堡) Bfdm (美元),Capital Group Global High Income Opportunities (LUX) Bfdm (USD),美元,CG全球機會非投資等級債基金Bfdm(美元),CG全球機會非投債BfdmUSD, (基金之配息來源可能為本金),CIFGHIOBDUSD,LU1598307301,05,CAPITAL INTERNATIONAL FUND- SUB-USD,"JPM J.P. Morgan SE, Luxembourg Branch",LU,否,美元,正常銷售,1.3,0,0.06,0,0,公開募集,全球,美元,Bfdm,RR3,境外基金,債券型基金,債券型,Offshore Bond,Offshore Bond,債券型,跨國投資固定收益一般債券型,是,本基金每月收益分配,CG31,cg31,1999/5/7,2026/1/19,2026/1/19,是,0,0,3,1,0,J.P. Morgan SE – Luxembourg Branch,J.P. Morgan SE – Luxembourg Branch,是,前收,10000,1000,0,0,4,2,3,O,依總單位數計算價金,否,Luxembourg Branch,Luxembourg Branch,11:00,3,無買回特殊費用,否,否,是,0,0,,,16:00,16:00,12:00,16:00,LU810670006550196505,LU810670006550196505,14:00,否,否,否,否,否,否,否,否,否,否,否,否,否,否,否,,05,14:00
32,G31,G35,資本集團全球機會非投資等級債券基金(盧森堡) Bfdmh ,Capital Group Global High Income Opportunities (LUX) Bfdmh,歐元,CG全球機會非投資等級債基金Bfdmh ,CG全球機會非投債Bfdmh ,(基金之配息來源可能為本金),CIFGHIOBD,LU1840777954,05,CAPITAL INTERNATIONAL FUND- SUB-EUR,"JPM J.P. Morgan SE, Luxembourg Branch",LU,否,美元,正常銷售,1.3,0,0.06,0,0,公開募集,全球,歐元,Bfdmh,RR3,境外基金,債券型基金,債券型,Offshore Bond,Offshore Bond,債券型,跨國投資固定收益一般債券型,是,本基金每月收益分配,CG31,cg31,1999/5/7,2026/1/19,2026/1/19,是,0,0,3,1,0,J.P. Morgan SE – Luxembourg Branch,J.P. Morgan SE – Luxembourg Branch,是,前收,10000,1000,0,0,4,2,3,O,依總單位數計算價金,否,Luxembourg Branch,Luxembourg Branch,11:00,3,無買回特殊費用,否,否,是,0,0,,,16:00,16:00,12:00,16:00,LU360670006550196636,LU360670006550196636,14:00,否,否,否,否,否,否,否,否,否,否,否,否,否,否,否,,05,14:00
36,G31,G37,資本集團全球機會非投資等級債券基金(盧森堡) Z,Capital Group Global High Income Opportunities (LUX) Z,歐元,CG全球機會非投資等級債基金Z,CG全球機會非投債Z,,CIFGHIOZ,LU0817815839,05,CAPITAL INTERNATIONAL FUND- SUB-EUR,"JPM J.P. Morgan SE, Luxembourg Branch",LU,否,美元,正常銷售,0.65,0,0.06,0,0,公開募集,全球,歐元,Z,RR3,境外基金,債券型基金,債券型,Offshore Bond,Offshore Bond,債券型,跨國投資固定收益一般債券型,是,,CG31,cg31,1999/5/7,2026/1/19,2026/1/19,是,0,0,3,1,0,J.P. Morgan SE – Luxembourg Branch,J.P. Morgan SE – Luxembourg Branch,是,前收,10000,1000,0,0,4,2,3,O,依總單位數計算價金,否,Luxembourg Branch,Luxembourg Branch,11:00,3,無買回特殊費用,否,否,是,0,0,,,16:00,16:00,12:00,16:00,LU360670006550196636,,14:00,否,否,否,否,否,否,否,否,否,否,否,否,否,否,否,,05,14:00
40,G31,G36,資本集團全球機會非投資等級債券基金(盧森堡) Z (美元),Capital Group Global High Income Opportunities (LUX) Z (USD),美元,CG全球機會非投資等級債基金Z(美元),CG全球機會非投債ZUSD,,CIFGHIOZUSD,LU0817816134,05,CAPITAL INTERNATIONAL FUND- SUB-USD,"JPM J.P. Morgan SE, Luxembourg Branch",LU,否,美元,正常銷售,0.65,0,0.06,0,0,公開募集,全球,美元,Z,RR3,境外基金,債券型基金,債券型,Offshore Bond,Offshore Bond,債券型,跨國投資固定收益一般債券型,是,,CG31,cg31,1999/5/7,2026/1/19,2026/1/19,是,0,0,3,1,0,J.P. Morgan SE – Luxembourg Branch,J.P. Morgan SE – Luxembourg Branch,是,前收,10000,1000,0,0,4,2,3,O,依總單位數計算價金,否,Luxembourg Branch,Luxembourg Branch,11:00,3,無買回特殊費用,否,否,是,0,0,,,16:00,16:00,12:00,16:00,LU810670006550196505,,14:00,否,否,否,否,否,否,否,否,否,否,否,否,否,否,否,,05,14:00
37,G31,G39,資本集團全球機會非投資等級債券基金(盧森堡) Zd ,Capital Group Global High Income Opportunities (LUX) Zd,歐元,CG全球機會非投資等級債基金Zd ,CG全球機會非投債Zd ,(配息來源可能為本金),CIFGHIOZD,LU0817816308,05,CAPITAL INTERNATIONAL FUND- SUB-EUR,"JPM J.P. Morgan SE, Luxembourg Branch",LU,否,美元,正常銷售,0.65,0,0.06,0,0,公開募集,全球,歐元,Zd,RR3,境外基金,債券型基金,債券型,Offshore Bond,Offshore Bond,債券型,跨國投資固定收益一般債券型,是,本基金每季收益分配,CG31,cg31,1999/5/7,2026/1/19,2026/1/19,是,0,0,3,1,0,J.P. Morgan SE – Luxembourg Branch,J.P. Morgan SE – Luxembourg Branch,是,前收,10000,1000,0,0,4,2,3,O,依總單位數計算價金,否,Luxembourg Branch,Luxembourg Branch,11:00,3,無買回特殊費用,否,否,是,0,0,,,16:00,16:00,12:00,16:00,LU360670006550196636,LU360670006550196636,14:00,否,否,否,否,否,否,否,否,否,否,否,否,否,否,否,,05,14:00
38,G31,G38,資本集團全球機會非投資等級債券基金(盧森堡) Zd (美元),Capital Group Global High Income Opportunities (LUX) Zd (USD),美元,CG全球機會非投資等級債基金Zd(美元),CG全球機會非投債ZdUSD, (基金之配息來源可能為本金),CIFGHIOZDUSD,LU0817816720,05,CAPITAL INTERNATIONAL FUND- SUB-USD,"JPM J.P. Morgan SE, Luxembourg Branch",LU,否,美元,正常銷售,0.65,0,0.06,0,0,公開募集,全球,美元,Zd,RR3,境外基金,債券型基金,債券型,Offshore Bond,Offshore Bond,債券型,跨國投資固定收益一般債券型,是,本基金每季收益分配,CG31,cg31,1999/5/7,2026/1/19,2026/1/19,是,0,0,3,1,0,J.P. Morgan SE – Luxembourg Branch,J.P. Morgan SE – Luxembourg Branch,是,前收,10000,1000,0,0,4,2,3,O,依總單位數計算價金,否,Luxembourg Branch,Luxembourg Branch,11:00,3,無買回特殊費用,否,否,是,0,0,,,16:00,16:00,12:00,16:00,LU810670006550196505,LU810670006550196505,14:00,否,否,否,否,否,否,否,否,否,否,否,否,否,否,否,,05,14:00
39,G31,G40,資本集團全球機會非投資等級債券基金(盧森堡) Zdm (美元) ,Capital Group Global High Income Opportunities (LUX) Zdm (USD),美元,CG全球機會非投資等級債基金Zdm(美元) ,CG全球機會非投債ZdmUSD,(基金之配息來源可能為本金),CIFGHIOZMUSD,LU2117440813,05,CAPITAL INTERNATIONAL FUND- SUB-USD,"JPM J.P. Morgan SE, Luxembourg Branch",LU,否,美元,正常銷售,0.65,0,0.06,0,0,公開募集,全球,美元,Zdm,RR3,境外基金,債券型基金,債券型,Offshore Bond,Offshore Bond,債券型,跨國投資固定收益一般債券型,是,本基金每月收益分配,CG31,cg31,1999/5/7,2026/1/19,2026/1/19,是,0,0,3,1,0,J.P. Morgan SE – Luxembourg Branch,J.P. Morgan SE – Luxembourg Branch,是,前收,10000,1000,0,0,4,2,3,O,依總單位數計算價金,否,Luxembourg Branch,Luxembourg Branch,11:00,3,無買回特殊費用,否,否,是,0,0,,,16:00,16:00,12:00,16:00,LU810670006550196505,LU810670006550196505,14:00,否,否,否,否,否,否,否,否,否,否,否,否,否,否,否,,05,14:00
41,G41,G43,資本集團美國投資基金(盧森堡)A4(美元),Capital Group Investment Company of America (LUX) A4 (USD),美元,CG美國投資基金A4(美元),CG美國投資A4USD,,CIFICAA4USD,LU1379001149,05,CAPITAL INTERNATIONAL FUND- SUB-USD,"JPM J.P. Morgan SE, Luxembourg Branch",LU,否,美元,正常銷售,0.4,0,0.25,0,0,公開募集,美國,美元,A4,RR4,境外基金,股票型基金,一般股票型基金,offshore Equity,offshore Equity,股票型,跨國投資股票型,是,,CG41,cg41,2016/6/17,2026/1/19,2026/1/19,是,0,0,3,1,0,J.P. Morgan SE – Luxembourg Branch,J.P. Morgan SE – Luxembourg Branch,是,前收,10000000,10000,0,10000000,4,2,3,O,依總單位數計算價金,否,Luxembourg Branch,Luxembourg Branch,11:00,3,無買回特殊費用,否,否,是,0,0,,,16:00,16:00,12:00,16:00,LU810670006550196505,,14:00,否,否,否,否,否,否,否,否,否,否,否,否,否,否,否,,05,14:00
42,G41,G42,資本集團美國投資基金(盧森堡) B,Capital Group Investment Company of America (LUX) B,歐元,CG美國投資基金B,CG美國投資B,,CIFICABEUR,LU1378994690,05,CAPITAL INTERNATIONAL FUND- SUB-EUR,"JPM J.P. Morgan SE, Luxembourg Branch",LU,否,美元,正常銷售,1.3,0,0.05,0,0,公開募集,美國,歐元,B,RR4,境外基金,股票型基金,一般股票型基金,offshore Equity,offshore Equity,股票型,跨國投資股票型,是,,CG41,cg41,2016/6/17,2026/1/19,2026/1/19,是,0,0,3,1,0,J.P. Morgan SE – Luxembourg Branch,J.P. Morgan SE – Luxembourg Branch,是,前收,10000,1000,0,100000000,4,2,3,O,依總單位數計算價金,否,Luxembourg Branch,Luxembourg Branch,11:00,3,無買回特殊費用,否,否,是,0,0,,,16:00,16:00,12:00,16:00,LU360670006550196636,,14:00,否,否,否,否,否,否,否,否,否,否,否,否,否,否,否,,05,14:00
43,G41,G41,資本集團美國投資基金(盧森堡) B (美元),Capital Group Investment Company of America (LUX) B (USD),美元,CG美國投資基金B(美元),CG美國投資BUSD,,CIFICABUSD,LU1378994856,05,CAPITAL INTERNATIONAL FUND- SUB-USD,"JPM J.P. Morgan SE, Luxembourg Branch",LU,否,美元,正常銷售,1.3,0,0.05,0,0,公開募集,美國,美元,B,RR4,境外基金,股票型基金,一般股票型基金,offshore Equity,offshore Equity,股票型,跨國投資股票型,是,,CG41,cg41,2016/6/17,2026/1/19,2026/1/19,是,0,0,3,1,0,J.P. Morgan SE – Luxembourg Branch,J.P. Morgan SE – Luxembourg Branch,是,前收,10000,1000,0,100000000,4,2,3,O,依總單位數計算價金,否,Luxembourg Branch,Luxembourg Branch,11:00,3,無買回特殊費用,否,否,是,0,0,,,16:00,16:00,12:00,16:00,LU810670006550196505,,14:00,否,否,否,否,否,否,否,否,否,否,否,否,否,否,否,,05,14:00
44,G44,G46,資本集團新經濟基金(盧森堡) B (澳幣),Capital Group New Economy Fund (LUX) B (AUD),澳幣,CG新經濟基金B(澳幣),CG新經濟BAUD,,CIFNEBAUD,LU2050928899,05,APITAL INTERNATIONAL FUND-SUB-AUD,"JPM J.P. Morgan SE, Luxembourg Branch",LU,否,美元,正常銷售,1.5,0,0.05,0,0,公開募集,全球,澳幣,B,RR4,境外基金,股票型基金,一般股票型基金,offshore Equity,offshore Equity,股票型,跨國投資股票型,是,,CG44,cg44,2019/11/7,2026/1/19,2026/1/19,是,0,0,3,1,0,J.P. Morgan SE – Luxembourg Branch,J.P. Morgan SE – Luxembourg Branch,是,前收,10000,1000,0,10000000,4,2,3,O,依總單位數計算價金,否,Luxembourg Branch,Luxembourg Branch,11:00,3,無買回特殊費用,否,否,是,0,0,,,16:00,16:00,12:00,16:00,LU390670006550196485,,14:00,否,否,否,否,否,否,否,否,否,否,否,否,否,否,否,,05,14:00
45,G44,G45,資本集團新經濟基金(盧森堡) B,Capital Group New Economy Fund (LUX) B,歐元,CG新經濟基金B,CG新經濟B,,CIFNEBEUR,LU2050929277,05,CAPITAL INTERNATIONAL FUND- SUB-EUR,"JPM J.P. Morgan SE, Luxembourg Branch",LU,否,美元,正常銷售,1.5,0,0.05,0,0,公開募集,全球,歐元,B,RR4,境外基金,股票型基金,一般股票型基金,offshore Equity,offshore Equity,股票型,跨國投資股票型,是,,CG44,cg44,2019/11/7,2026/1/19,2026/1/19,是,0,0,3,1,0,J.P. Morgan SE – Luxembourg Branch,J.P. Morgan SE – Luxembourg Branch,是,前收,10000,1000,0,0,4,2,3,O,依總單位數計算價金,否,Luxembourg Branch,Luxembourg Branch,11:00,3,無買回特殊費用,否,否,是,0,0,,,16:00,16:00,12:00,16:00,LU360670006550196636,,14:00,否,否,否,否,否,否,否,否,否,否,否,否,否,否,否,,05,14:00
49,G44,G44,資本集團新經濟基金(盧森堡) B (美元),Capital Group New Economy Fund (LUX) B (USD),美元,CG新經濟基金B(美元),CG新經濟BUSD,,CIFNEBUSD,LU2050929863,05,CAPITAL INTERNATIONAL FUND- SUB-USD,"JPM J.P. Morgan SE, Luxembourg Branch",LU,否,美元,正常銷售,1.5,0,0.05,0,0,公開募集,全球,美元,B,RR4,境外基金,股票型基金,一般股票型基金,offshore Equity,offshore Equity,股票型,跨國投資股票型,是,,CG44,cg44,2019/11/7,2026/1/19,2026/1/19,是,0,0,3,1,0,J.P. Morgan SE – Luxembourg Branch,J.P. Morgan SE – Luxembourg Branch,是,前收,10000,1000,0,0,4,2,3,O,依總單位數計算價金,否,Luxembourg Branch,Luxembourg Branch,11:00,3,無買回特殊費用,否,否,是,0,0,,,16:00,16:00,12:00,16:00,LU810670006550196505,,14:00,否,否,否,否,否,否,否,否,否,否,否,否,否,否,否,,05,14:00
46,G44,G47,資本集團新經濟基金(盧森堡) Bh,Capital Group New Economy Fund (LUX) Bh,歐元,CG新經濟基金Bh,CG新經濟Bh,,CIFNEBH,LU2230629466,05,CAPITAL INTERNATIONAL FUND- SUB-EUR,"JPM J.P. Morgan SE, Luxembourg Branch",LU,否,美元,正常銷售,1.5,0,0.05,0,0,公開募集,全球,歐元,Bh,RR4,境外基金,股票型基金,一般股票型基金,offshore Equity,offshore Equity,股票型,跨國投資股票型,是,,CG44,cg44,2019/11/7,2026/1/19,2026/1/19,是,0,0,3,1,0,J.P. Morgan SE – Luxembourg Branch,J.P. Morgan SE – Luxembourg Branch,是,前收,10000,1000,0,0,4,2,3,O,依總單位數計算價金,否,Luxembourg Branch,Luxembourg Branch,11:00,3,無買回特殊費用,否,否,是,0,0,,,16:00,16:00,12:00,16:00,LU360670006550196636,,14:00,否,否,否,否,否,否,否,否,否,否,否,否,否,否,否,,05,14:00
47,G44,G49,資本集團新經濟基金(盧森堡) BL (澳幣),Capital Group New Economy Fund (LUX) BL (AUD),澳幣,CG新經濟基金BL(澳幣),CG新經濟BLAUD,,CIFNEBLAUD,LU2211194282,05,APITAL INTERNATIONAL FUND-SUB-AUD,"JPM J.P. Morgan SE, Luxembourg Branch",LU,否,美元,正常銷售,1.35,0,0.05,0,0,公開募集,全球,澳幣,BL,RR4,境外基金,股票型基金,一般股票型基金,offshore Equity,offshore Equity,股票型,跨國投資股票型,是,,CG44,cg44,2019/11/7,2026/1/19,2026/1/19,是,0,0,3,1,0,J.P. Morgan SE – Luxembourg Branch,J.P. Morgan SE – Luxembourg Branch,是,前收,100000000,10000,0,100000000,4,2,3,O,依總單位數計算價金,否,Luxembourg Branch,Luxembourg Branch,11:00,3,無買回特殊費用,否,否,是,0,0,,,16:00,16:00,12:00,16:00,LU390670006550196485,,14:00,否,否,否,否,否,否,否,否,否,否,否,否,否,否,否,,05,14:00
48,G44,G48,資本集團新經濟基金(盧森堡) BL (美元),Capital Group New Economy Fund (LUX) BL (USD),美元,CG新經濟基金BL(美元),CG新經濟BLUSD,,CIFNEBLUSD,LU2211193391,05,CAPITAL INTERNATIONAL FUND- SUB-USD,"JPM J.P. Morgan SE, Luxembourg Branch",LU,否,美元,正常銷售,1.35,0,0.05,0,0,公開募集,全球,美元,BL,RR4,境外基金,股票型基金,一般股票型基金,offshore Equity,offshore Equity,股票型,跨國投資股票型,是,,CG44,cg44,2019/11/7,2026/1/19,2026/1/19,是,0,0,3,1,0,J.P. Morgan SE – Luxembourg Branch,J.P. Morgan SE – Luxembourg Branch,是,前收,100000000,10000,0,100000000,4,2,3,O,依總單位數計算價金,否,Luxembourg Branch,Luxembourg Branch,11:00,3,無買回特殊費用,否,否,是,0,0,,,16:00,16:00,12:00,16:00,LU810670006550196505,,14:00,否,否,否,否,否,否,否,否,否,否,否,否,否,否,否,,05,14:00
50,G44,G51,資本集團新經濟基金(盧森堡) Z,Capital Group New Economy Fund (LUX) Z,歐元,CG新經濟基金Z,CG新經濟Z,,CIFNEZEUR,LU2050928030,05,CAPITAL INTERNATIONAL FUND- SUB-EUR,"JPM J.P. Morgan SE, Luxembourg Branch",LU,否,美元,正常銷售,0.75,0,0.05,0,0,公開募集,全球,歐元,Z,RR4,境外基金,股票型基金,一般股票型基金,offshore Equity,offshore Equity,股票型,跨國投資股票型,是,,CG44,cg44,2019/11/7,2026/1/19,2026/1/19,是,0,0,3,1,0,J.P. Morgan SE – Luxembourg Branch,J.P. Morgan SE – Luxembourg Branch,是,前收,10000,1000,0,0,4,2,3,O,依總單位數計算價金,否,Luxembourg Branch,Luxembourg Branch,11:00,3,無買回特殊費用,否,否,是,0,0,,,16:00,16:00,12:00,16:00,LU360670006550196636,,14:00,否,否,否,否,否,否,否,否,否,否,否,否,否,否,否,,05,14:00
51,G44,G50,資本集團新經濟基金(盧森堡) Z (美元),Capital Group New Economy Fund (LUX) Z (USD),美元,CG新經濟基金Z(美元),CG新經濟ZUSD,,CIFNEZUSD,LU2032731189,05,CAPITAL INTERNATIONAL FUND- SUB-USD,"JPM J.P. Morgan SE, Luxembourg Branch",LU,否,美元,正常銷售,0.75,0,0.05,0,0,公開募集,全球,美元,Z,RR4,境外基金,股票型基金,一般股票型基金,offshore Equity,offshore Equity,股票型,跨國投資股票型,是,,CG44,cg44,2019/11/7,2026/1/19,2026/1/19,是,0,0,3,1,0,J.P. Morgan SE – Luxembourg Branch,J.P. Morgan SE – Luxembourg Branch,是,前收,10000,1000,0,0,4,2,3,O,依總單位數計算價金,否,Luxembourg Branch,Luxembourg Branch,11:00,3,無買回特殊費用,否,否,是,0,0,,,16:00,16:00,12:00,16:00,LU810670006550196505,,14:00,否,否,否,否,否,否,否,否,否,否,否,否,否,否,否,,05,14:00
52,G52,G54,資本集團新視野基金(盧森堡) A4 (美元),Capital Group New Perspective Fund (LUX) A4 (USD),美元,CG新視野基金A4(美元),CG新視野A4USD,,CIFNPA4USD,LU1295543554,05,CAPITAL INTERNATIONAL FUND- SUB-USD,"JPM J.P. Morgan SE, Luxembourg Branch",LU,否,美元,正常銷售,0.53,0,0.05,0,0,公開募集,全球,美元,A4,RR3,境外基金,股票型基金,一般股票型基金,offshore Equity,offshore Equity,股票型,跨國投資股票型,是,,CG52,cg52,2015/10/30,2026/1/19,2026/1/19,是,0,0,3,1,0,J.P. Morgan SE – Luxembourg Branch,J.P. Morgan SE – Luxembourg Branch,是,前收,10000000,10000,0,10000000,4,2,3,O,依總單位數計算價金,否,Luxembourg Branch,Luxembourg Branch,11:00,3,無買回特殊費用,否,否,是,0,0,,,16:00,16:00,12:00,16:00,LU810670006550196505,,14:00,否,否,否,否,否,否,否,否,否,否,否,否,否,否,否,,05,14:00
55,G52,G53,資本集團新視野基金(盧森堡) B,Capital Group New Perspective Fund (LUX) B,歐元,CG新視野基金B,CG新視野B,,CIFNPBEUR,LU1295551144,05,CAPITAL INTERNATIONAL FUND- SUB-EUR,"JPM J.P. Morgan SE, Luxembourg Branch",LU,否,美元,正常銷售,1.5,0,0.05,0,0,公開募集,全球,歐元,B,RR3,境外基金,股票型基金,一般股票型基金,offshore Equity,offshore Equity,股票型,跨國投資股票型,是,,CG52,cg52,2015/10/30,2026/1/19,2026/1/19,是,0,0,3,1,0,J.P. Morgan SE – Luxembourg Branch,J.P. Morgan SE – Luxembourg Branch,是,前收,10000,1000,0,0,4,2,3,O,依總單位數計算價金,否,Luxembourg Branch,Luxembourg Branch,11:00,3,無買回特殊費用,否,否,是,0,0,,,16:00,16:00,12:00,16:00,LU360670006550196636,,14:00,否,否,否,否,否,否,否,否,否,否,否,否,否,否,否,,05,14:00
56,G52,G52,資本集團新視野基金(盧森堡) B (美元),Capital Group New Perspective Fund (Lux) B (USD),美元,CG新視野基金B(美元),CG新視野BUSD,,CIFNPBUSD,LU1295551573,05,CAPITAL INTERNATIONAL FUND- SUB-USD,"JPM J.P. Morgan SE, Luxembourg Branch",LU,否,美元,正常銷售,1.5,0,0.05,0,0,公開募集,全球,美元,B,RR3,境外基金,股票型基金,一般股票型基金,offshore Equity,offshore Equity,股票型,跨國投資股票型,是,,CG52,cg52,2015/10/30,2026/1/19,2026/1/19,是,0,0,3,1,0,J.P. Morgan SE – Luxembourg Branch,J.P. Morgan SE – Luxembourg Branch,是,前收,10000,1000,0,0,4,2,3,O,依總單位數計算價金,否,Luxembourg Branch,Luxembourg Branch,11:00,3,無買回特殊費用,否,否,是,0,0,,,16:00,16:00,12:00,16:00,LU810670006550196505,,14:00,否,否,否,否,否,否,否,否,否,否,否,否,否,否,否,,05,14:00
53,G52,G56,資本集團新視野基金(盧森堡) Bgd,Capital Group New Perspective Fund (LUX) Bgd,歐元,CG新視野基金Bgd,CG新視野Bgd, (基金之配息來源可能為本金),CIFNPBDEUR,LU1295552209,05,CAPITAL INTERNATIONAL FUND- SUB-EUR,"JPM J.P. Morgan SE, Luxembourg Branch",LU,否,美元,正常銷售,1.5,0,0.05,0,0,公開募集,全球,歐元,Bgd,RR3,境外基金,股票型基金,一般股票型基金,offshore Equity,offshore Equity,股票型,跨國投資股票型,是,本基金每季收益分配,CG52,cg52,2015/10/30,2026/1/19,2026/1/19,是,0,0,3,1,0,J.P. Morgan SE – Luxembourg Branch,J.P. Morgan SE – Luxembourg Branch,是,前收,10000,1000,0,0,4,2,3,O,依總單位數計算價金,否,Luxembourg Branch,Luxembourg Branch,11:00,3,無買回特殊費用,否,否,是,0,0,,,16:00,16:00,12:00,16:00,LU360670006550196636,LU360670006550196636,14:00,否,否,否,否,否,否,否,否,否,否,否,否,否,否,否,,05,14:00
54,G52,G55,資本集團新視野基金(盧森堡) Bgd (美元) ,Capital Group New Perspective Fund (LUX) Bgd (USD),美元,CG新視野基金Bgd(美元) ,CG新視野BgdUSD,(基金之配息來源可能為本金),CIFNPBDUSD,LU1295552464,05,CAPITAL INTERNATIONAL FUND- SUB-USD,"JPM J.P. Morgan SE, Luxembourg Branch",LU,否,美元,正常銷售,1.5,0,0.05,0,0,公開募集,全球,美元,Bgd,RR3,境外基金,股票型基金,一般股票型基金,offshore Equity,offshore Equity,股票型,跨國投資股票型,是,本基金每季收益分配,CG52,cg52,2015/10/30,2026/1/19,2026/1/19,是,0,0,3,1,0,J.P. Morgan SE – Luxembourg Branch,J.P. Morgan SE – Luxembourg Branch,是,前收,10000,1000,0,0,4,2,3,O,依總單位數計算價金,否,Luxembourg Branch,Luxembourg Branch,11:00,3,無買回特殊費用,否,否,是,0,0,,,16:00,16:00,12:00,16:00,LU810670006550196505,LU810670006550196505,14:00,否,否,否,否,否,否,否,否,否,否,否,否,否,否,否,,05,14:00
57,G52,G58,資本集團新視野基金(盧森堡) Z,Capital Group New Perspective Fund (LUX) Z,歐元,CG新視野基金Z,CG新視野Z,,CIFNPZEUR,LU1295554833,05,CAPITAL INTERNATIONAL FUND- SUB-EUR,"JPM J.P. Morgan SE, Luxembourg Branch",LU,否,美元,正常銷售,0.75,0,0.05,0,0,公開募集,全球,歐元,Z,RR3,境外基金,股票型基金,一般股票型基金,offshore Equity,offshore Equity,股票型,跨國投資股票型,是,,CG52,cg52,2015/10/30,2026/1/19,2026/1/19,是,0,0,3,1,0,J.P. Morgan SE – Luxembourg Branch,J.P. Morgan SE – Luxembourg Branch,是,前收,10000,1000,0,0,4,2,3,O,依總單位數計算價金,否,Luxembourg Branch,Luxembourg Branch,11:00,3,無買回特殊費用,否,否,是,0,0,,,16:00,16:00,12:00,16:00,LU360670006550196636,,14:00,否,否,否,否,否,否,否,否,否,否,否,否,否,否,否,,05,14:00
58,G52,G57,資本集團新視野基金(盧森堡) Z (美元),Capital Group New Perspective Fund (LUX) Z (USD),美元,CG新視野基金Z(美元),CG新視野ZUSD,,CIFNPZUSD,LU1295555210,05,CAPITAL INTERNATIONAL FUND- SUB-USD,"JPM J.P. Morgan SE, Luxembourg Branch",LU,否,美元,正常銷售,0.75,0,0.05,0,0,公開募集,全球,美元,Z,RR3,境外基金,股票型基金,一般股票型基金,offshore Equity,offshore Equity,股票型,跨國投資股票型,是,,CG52,cg52,2015/10/30,2026/1/19,2026/1/19,是,0,0,3,1,0,J.P. Morgan SE – Luxembourg Branch,J.P. Morgan SE – Luxembourg Branch,是,前收,10000,1000,0,0,4,2,3,O,依總單位數計算價金,否,Luxembourg Branch,Luxembourg Branch,11:00,3,無買回特殊費用,否,否,是,0,0,,,16:00,16:00,12:00,16:00,LU810670006550196505,,14:00,否,否,否,否,否,否,否,否,否,否,否,否,否,否,否,,05,14:00
